model_display_name,pair_id,dialect,variant,x,y,layer
Gemma-3-1B-PT,ame_bre_0400,AmE,demoralize,-28.417662,-5.870724,final
Gemma-3-1B-PT,ame_bre_0400,BrE,demoralise,-28.172064,-5.931769,final
Gemma-3-1B-PT,ame_bre_1400,AmE,reveler,6.279798,12.908298,final
Gemma-3-1B-PT,ame_bre_1400,BrE,reveller,6.617379,11.723308,final
Gemma-3-1B-PT,ame_bre_1292,AmE,pretenses,-28.726223,-5.116677,final
Gemma-3-1B-PT,ame_bre_1292,BrE,pretences,-28.491955,-4.688826,final
Gemma-3-1B-PT,ame_bre_0447,AmE,disemboweling,5.125787,9.678589,final
Gemma-3-1B-PT,ame_bre_0447,BrE,disembowelling,5.137961,9.546965,final
Gemma-3-1B-PT,ame_bre_1778,AmE,vulgarizes,-27.733498,-5.973625,final
Gemma-3-1B-PT,ame_bre_1778,BrE,vulgarises,-27.564749,-5.966056,final
Gemma-3-1B-PT,ame_bre_1325,AmE,psychoanalyze,4.436295,7.659235,final
Gemma-3-1B-PT,ame_bre_1325,BrE,psychoanalyse,4.759459,8.193859,final
Gemma-3-1B-PT,ame_bre_1692,AmE,trivialize,3.5859,8.451273,final
Gemma-3-1B-PT,ame_bre_1692,BrE,trivialise,2.63756,7.156468,final
Gemma-3-1B-PT,ame_bre_1216,AmE,pederast,4.85395,9.964897,final
Gemma-3-1B-PT,ame_bre_1216,BrE,paederast,4.968789,9.304887,final
Gemma-3-1B-PT,ame_bre_0440,AmE,digitizes,16.702335,-22.731903,final
Gemma-3-1B-PT,ame_bre_0440,BrE,digitises,17.096153,-22.974726,final
Gemma-3-1B-PT,ame_bre_1192,AmE,parlors,16.809574,11.354204,final
Gemma-3-1B-PT,ame_bre_1192,BrE,parlours,16.218342,10.808412,final
Gemma-3-1B-PT,ame_bre_1504,AmE,siphoning,17.81296,-17.527859,final
Gemma-3-1B-PT,ame_bre_1504,BrE,syphoning,17.496405,-18.943821,final
Gemma-3-1B-PT,ame_bre_1011,AmE,mesmerized,6.766959,10.439492,final
Gemma-3-1B-PT,ame_bre_1011,BrE,mesmerised,6.839076,10.316978,final
Gemma-3-1B-PT,ame_bre_0738,AmE,harboring,6.037923,12.18786,final
Gemma-3-1B-PT,ame_bre_0738,BrE,harbouring,7.102718,11.228489,final
Gemma-3-1B-PT,ame_bre_1654,AmE,theater,17.835312,-21.334797,final
Gemma-3-1B-PT,ame_bre_1654,BrE,theatre,18.064861,-20.883471,final
Gemma-3-1B-PT,ame_bre_0969,AmE,maneuvered,18.568321,-22.975008,final
Gemma-3-1B-PT,ame_bre_0969,BrE,manoeuvred,17.753529,-20.014872,final
Gemma-3-1B-PT,ame_bre_0748,AmE,hematology,-30.316433,-3.226286,final
Gemma-3-1B-PT,ame_bre_0748,BrE,haematology,-30.026909,-2.934178,final
Gemma-3-1B-PT,ame_bre_0578,AmE,factorize,-35.633987,-6.294242,final
Gemma-3-1B-PT,ame_bre_0578,BrE,factorise,-35.283218,-6.500356,final
Gemma-3-1B-PT,ame_bre_0945,AmE,liquidizers,3.402506,12.261961,final
Gemma-3-1B-PT,ame_bre_0945,BrE,liquidisers,3.706957,12.305217,final
Gemma-3-1B-PT,ame_bre_1324,AmE,proselytizing,16.260586,11.308685,final
Gemma-3-1B-PT,ame_bre_1324,BrE,proselytising,16.39739,11.390882,final
Gemma-3-1B-PT,ame_bre_1181,AmE,paneling,18.082401,-21.479731,final
Gemma-3-1B-PT,ame_bre_1181,BrE,panelling,18.061132,-19.240021,final
Gemma-3-1B-PT,ame_bre_0075,AmE,appetizingly,18.296949,8.91377,final
Gemma-3-1B-PT,ame_bre_0075,BrE,appetisingly,17.670256,10.911213,final
Gemma-3-1B-PT,ame_bre_1718,AmE,unraveled,-27.284775,-3.648581,final
Gemma-3-1B-PT,ame_bre_1718,BrE,unravelled,-31.270441,-5.305019,final
Gemma-3-1B-PT,ame_bre_1192,AmE,parlors,4.110811,13.674779,final
Gemma-3-1B-PT,ame_bre_1192,BrE,parlours,4.522862,12.808177,final
Gemma-3-1B-PT,ame_bre_1761,AmE,vigor,16.599009,11.401415,final
Gemma-3-1B-PT,ame_bre_1761,BrE,vigour,16.779551,10.803745,final
Gemma-3-1B-PT,ame_bre_1603,AmE,summarizing,-34.186077,-5.657467,final
Gemma-3-1B-PT,ame_bre_1603,BrE,summarising,-30.30777,-4.398087,final
Gemma-3-1B-PT,ame_bre_1341,AmE,quarreled,17.044397,10.812906,final
Gemma-3-1B-PT,ame_bre_1341,BrE,quarrelled,18.494946,8.950835,final
Gemma-3-1B-PT,ame_bre_0287,AmE,colorfully,3.15274,6.996683,final
Gemma-3-1B-PT,ame_bre_0287,BrE,colourfully,3.531031,7.140987,final
Gemma-3-1B-PT,ame_bre_0236,AmE,cesarean,-28.041901,-4.102156,final
Gemma-3-1B-PT,ame_bre_0236,BrE,caesarean,-27.083385,-4.190392,final
Gemma-3-1B-PT,ame_bre_1546,AmE,spiraling,6.035505,12.119073,final
Gemma-3-1B-PT,ame_bre_1546,BrE,spiralling,6.05552,12.29677,final
Gemma-3-1B-PT,ame_bre_0639,AmE,finalizing,3.270722,12.351181,final
Gemma-3-1B-PT,ame_bre_0639,BrE,finalising,3.790799,9.809908,final
Gemma-3-1B-PT,ame_bre_1345,AmE,radicalizes,16.511053,10.171113,final
Gemma-3-1B-PT,ame_bre_1345,BrE,radicalises,16.681786,8.081909,final
Gemma-3-1B-PT,ame_bre_0041,AmE,analyzing,0.241528,7.157745,final
Gemma-3-1B-PT,ame_bre_0041,BrE,analysing,0.372868,7.573822,final
Gemma-3-1B-PT,ame_bre_0008,AmE,acclimatizes,16.794891,-19.787621,final
Gemma-3-1B-PT,ame_bre_0008,BrE,acclimatises,16.835045,-19.586636,final
Gemma-3-1B-PT,ame_bre_1167,AmE,overemphasizing,-26.899708,-4.973499,final
Gemma-3-1B-PT,ame_bre_1167,BrE,overemphasising,-26.532343,-5.121876,final
Gemma-3-1B-PT,ame_bre_0785,AmE,humorless,19.389923,-22.422171,final
Gemma-3-1B-PT,ame_bre_0785,BrE,humourless,19.584908,-22.565228,final
Gemma-3-1B-PT,ame_bre_0196,AmE,carbonized,5.580041,11.024308,final
Gemma-3-1B-PT,ame_bre_0196,BrE,carbonised,5.796017,11.077651,final
Gemma-3-1B-PT,ame_bre_0755,AmE,hemorrhages,6.704884,11.95691,final
Gemma-3-1B-PT,ame_bre_0755,BrE,haemorrhages,6.880474,12.139654,final
Gemma-3-1B-PT,ame_bre_1348,AmE,rancor,-26.590223,-3.565542,final
Gemma-3-1B-PT,ame_bre_1348,BrE,rancour,-27.256697,-4.132392,final
Gemma-3-1B-PT,ame_bre_0237,AmE,cesareans,15.228294,10.607916,final
Gemma-3-1B-PT,ame_bre_0237,BrE,caesareans,16.09281,10.72574,final
Gemma-3-1B-PT,ame_bre_0907,AmE,labors,2.39012,9.112742,final
Gemma-3-1B-PT,ame_bre_0907,BrE,labours,2.352439,9.353241,final
Gemma-3-1B-PT,ame_bre_1044,AmE,misdemeanors,-28.133371,-3.695081,final
Gemma-3-1B-PT,ame_bre_1044,BrE,misdemeanours,-27.903748,-3.809118,final
Gemma-3-1B-PT,ame_bre_0094,AmE,authorize,3.256621,12.449509,final
Gemma-3-1B-PT,ame_bre_0094,BrE,authorise,3.178179,13.025668,final
Gemma-3-1B-PT,ame_bre_1222,AmE,pedestrianizing,18.052605,-21.659994,final
Gemma-3-1B-PT,ame_bre_1222,BrE,pedestrianising,18.093277,-21.422108,final
Gemma-3-1B-PT,ame_bre_0565,AmE,exorcizing,-26.953854,-2.813427,final
Gemma-3-1B-PT,ame_bre_0565,BrE,exorcising,-26.830999,-2.660849,final
Gemma-3-1B-PT,ame_bre_0691,AmE,generalize,14.910396,7.428545,final
Gemma-3-1B-PT,ame_bre_0691,BrE,generalise,15.292096,7.793709,final
Gemma-3-1B-PT,ame_bre_0533,AmE,epitomized,16.060303,11.845959,final
Gemma-3-1B-PT,ame_bre_0533,BrE,epitomised,15.920625,12.248145,final
Gemma-3-1B-PT,ame_bre_1687,AmE,travelogs,2.310846,9.21915,final
Gemma-3-1B-PT,ame_bre_1687,BrE,travelogues,3.628895,8.42542,final
Gemma-3-1B-PT,ame_bre_1705,AmE,tyrannizing,17.591,10.343072,final
Gemma-3-1B-PT,ame_bre_1705,BrE,tyrannising,17.598429,10.248204,final
Gemma-3-1B-PT,ame_bre_0116,AmE,bastardizes,-29.368042,-5.165406,final
Gemma-3-1B-PT,ame_bre_0116,BrE,bastardises,-29.067492,-4.469957,final
Gemma-3-1B-PT,ame_bre_1416,AmE,rigors,2.809035,9.275058,final
Gemma-3-1B-PT,ame_bre_1416,BrE,rigours,2.304201,9.306128,final
Gemma-3-1B-PT,ame_bre_1096,AmE,motorized,5.245395,11.685317,final
Gemma-3-1B-PT,ame_bre_1096,BrE,motorised,5.424756,11.604473,final
Gemma-3-1B-PT,ame_bre_0898,AmE,kilometer,1.939191,8.88062,final
Gemma-3-1B-PT,ame_bre_0898,BrE,kilometre,2.11252,8.727201,final
Gemma-3-1B-PT,ame_bre_0767,AmE,honorable,3.823603,8.496085,final
Gemma-3-1B-PT,ame_bre_0767,BrE,honourable,4.100116,8.683229,final
Gemma-3-1B-PT,ame_bre_1557,AmE,stabilizing,-32.119873,-4.526986,final
Gemma-3-1B-PT,ame_bre_1557,BrE,stabilising,-28.766586,-3.464138,final
Gemma-3-1B-PT,ame_bre_1497,AmE,signaling,-33.706982,-6.782304,final
Gemma-3-1B-PT,ame_bre_1497,BrE,signalling,-33.596413,-6.5223,final
Gemma-3-1B-PT,ame_bre_1656,AmE,theatergoers,6.370714,12.62213,final
Gemma-3-1B-PT,ame_bre_1656,BrE,theatregoers,6.439637,12.813282,final
Gemma-3-1B-PT,ame_bre_0907,AmE,labors,-31.764709,-4.470159,final
Gemma-3-1B-PT,ame_bre_0907,BrE,labours,-32.602478,-4.27586,final
Gemma-3-1B-PT,ame_bre_1783,AmE,weaseled,-26.070141,-3.40676,final
Gemma-3-1B-PT,ame_bre_1783,BrE,weaselled,-25.223934,-1.440958,final
Gemma-3-1B-PT,ame_bre_0924,AmE,libeling,17.804897,-18.72167,final
Gemma-3-1B-PT,ame_bre_0924,BrE,libelling,17.936775,-19.702858,final
Gemma-3-1B-PT,ame_bre_1589,AmE,subsidizing,16.582409,-19.995781,final
Gemma-3-1B-PT,ame_bre_1589,BrE,subsidising,16.671741,-19.921764,final
Gemma-3-1B-PT,ame_bre_0583,AmE,familiarization,-32.313366,-5.594781,final
Gemma-3-1B-PT,ame_bre_0583,BrE,familiarisation,-31.958107,-5.595847,final
Gemma-3-1B-PT,ame_bre_0599,AmE,favorites,2.190641,8.42908,final
Gemma-3-1B-PT,ame_bre_0599,BrE,favourites,2.482806,8.571688,final
Gemma-3-1B-PT,ame_bre_1346,AmE,radicalizing,5.021678,9.022539,final
Gemma-3-1B-PT,ame_bre_1346,BrE,radicalising,5.255506,8.829577,final
Gemma-3-1B-PT,ame_bre_0029,AmE,amortizations,4.099029,11.980877,final
Gemma-3-1B-PT,ame_bre_0029,BrE,amortisations,4.195815,12.19379,final
Gemma-3-1B-PT,ame_bre_0157,AmE,brutalize,7.170002,9.749188,final
Gemma-3-1B-PT,ame_bre_0157,BrE,brutalise,7.239846,9.873689,final
Gemma-3-1B-PT,ame_bre_1086,AmE,monopolization,3.837892,12.739808,final
Gemma-3-1B-PT,ame_bre_1086,BrE,monopolisation,4.007459,12.988373,final
Gemma-3-1B-PT,ame_bre_1225,AmE,pediatricians,5.278646,12.698097,final
Gemma-3-1B-PT,ame_bre_1225,BrE,paediatricians,5.571156,12.436517,final
Gemma-3-1B-PT,ame_bre_0610,AmE,fertilized,-29.67602,-4.080857,final
Gemma-3-1B-PT,ame_bre_0610,BrE,fertilised,-27.252523,-3.009204,final
Gemma-3-1B-PT,ame_bre_0602,AmE,fecal,17.047562,-21.00106,final
Gemma-3-1B-PT,ame_bre_0602,BrE,faecal,17.260187,-18.139374,final
Gemma-3-1B-PT,ame_bre_1309,AmE,professionalizing,3.390758,12.069639,final
Gemma-3-1B-PT,ame_bre_1309,BrE,professionalising,3.14003,11.957989,final
Gemma-3-1B-PT,ame_bre_0911,AmE,legalized,15.037322,11.089198,final
Gemma-3-1B-PT,ame_bre_0911,BrE,legalised,14.989609,11.252107,final
Gemma-3-1B-PT,ame_bre_0133,AmE,belaboring,-25.418154,-5.895847,final
Gemma-3-1B-PT,ame_bre_0133,BrE,belabouring,-24.20858,-3.672977,final
Gemma-3-1B-PT,ame_bre_1129,AmE,normalizes,3.516326,12.068192,final
Gemma-3-1B-PT,ame_bre_1129,BrE,normalises,3.955094,12.413919,final
Gemma-3-1B-PT,ame_bre_1038,AmE,minimize,1.541402,7.408337,final
Gemma-3-1B-PT,ame_bre_1038,BrE,minimise,2.231003,7.375544,final
Gemma-3-1B-PT,ame_bre_0967,AmE,maneuverability,1.445119,7.76464,final
Gemma-3-1B-PT,ame_bre_0967,BrE,manoeuvrability,2.914894,8.359838,final
Gemma-3-1B-PT,ame_bre_0543,AmE,equalizing,16.633232,-23.933189,final
Gemma-3-1B-PT,ame_bre_0543,BrE,equalising,16.749996,-24.008259,final
Gemma-3-1B-PT,ame_bre_1664,AmE,tires,17.937744,-20.942066,final
Gemma-3-1B-PT,ame_bre_1664,BrE,tyres,18.030033,-21.187757,final
Gemma-3-1B-PT,ame_bre_0625,AmE,fictionalize,6.450736,10.826829,final
Gemma-3-1B-PT,ame_bre_0625,BrE,fictionalise,6.528948,10.484635,final
Gemma-3-1B-PT,ame_bre_1466,AmE,sensationalizes,18.976067,-23.59185,final
Gemma-3-1B-PT,ame_bre_1466,BrE,sensationalises,19.106733,-23.567413,final
Gemma-3-1B-PT,ame_bre_1788,AmE,westernizes,18.727577,-21.133636,final
Gemma-3-1B-PT,ame_bre_1788,BrE,westernises,18.805943,-20.802017,final
Gemma-3-1B-PT,ame_bre_1200,AmE,passivizes,-28.531826,-5.259442,final
Gemma-3-1B-PT,ame_bre_1200,BrE,passivises,-28.147879,-5.31981,final
Gemma-3-1B-PT,ame_bre_0887,AmE,jeopardize,-31.565174,-7.337955,final
Gemma-3-1B-PT,ame_bre_0887,BrE,jeopardise,-28.606735,-6.967566,final
Gemma-3-1B-PT,ame_bre_0504,AmE,emphasizing,18.237251,-25.696251,final
Gemma-3-1B-PT,ame_bre_0504,BrE,emphasising,17.908979,-22.014313,final
Gemma-3-1B-PT,ame_bre_0479,AmE,dramatizes,4.924267,12.54863,final
Gemma-3-1B-PT,ame_bre_0479,BrE,dramatises,5.139609,12.673266,final
Gemma-3-1B-PT,ame_bre_0045,AmE,anesthetic,5.10128,11.752434,final
Gemma-3-1B-PT,ame_bre_0045,BrE,anaesthetic,5.301486,11.307969,final
Gemma-3-1B-PT,ame_bre_1262,AmE,polarization,-34.099461,-6.091082,final
Gemma-3-1B-PT,ame_bre_1262,BrE,polarisation,-34.313366,-6.28488,final
Gemma-3-1B-PT,ame_bre_1545,AmE,spiraled,5.992486,12.230724,final
Gemma-3-1B-PT,ame_bre_1545,BrE,spiralled,6.091727,12.054568,final
Gemma-3-1B-PT,ame_bre_1289,AmE,pressurizes,-29.272682,-2.862992,final
Gemma-3-1B-PT,ame_bre_1289,BrE,pressurises,-29.035728,-2.746293,final
Gemma-3-1B-PT,ame_bre_0338,AmE,criminalizes,15.153939,10.104624,final
Gemma-3-1B-PT,ame_bre_0338,BrE,criminalises,15.509246,10.513203,final
Gemma-3-1B-PT,ame_bre_0406,AmE,denationalized,14.532459,10.620088,final
Gemma-3-1B-PT,ame_bre_0406,BrE,denationalised,14.814112,10.902678,final
Gemma-3-1B-PT,ame_bre_0825,AmE,impaneling,16.768925,-14.890407,final
Gemma-3-1B-PT,ame_bre_0825,BrE,impanelling,17.005564,-15.251682,final
Gemma-3-1B-PT,ame_bre_0693,AmE,generalizes,17.40918,-24.225037,final
Gemma-3-1B-PT,ame_bre_0693,BrE,generalises,17.662889,-23.163273,final
Gemma-3-1B-PT,ame_bre_0346,AmE,crystallization,17.222845,-22.812191,final
Gemma-3-1B-PT,ame_bre_0346,BrE,crystallisation,16.617292,-19.386314,final
Gemma-3-1B-PT,ame_bre_0729,AmE,grueling,16.547028,11.183587,final
Gemma-3-1B-PT,ame_bre_0729,BrE,gruelling,17.216341,12.230806,final
Gemma-3-1B-PT,ame_bre_1165,AmE,overemphasized,18.216446,-20.961672,final
Gemma-3-1B-PT,ame_bre_1165,BrE,overemphasised,18.303715,-20.96022,final
Gemma-3-1B-PT,ame_bre_0946,AmE,liquidizes,17.585289,-23.294636,final
Gemma-3-1B-PT,ame_bre_0946,BrE,liquidises,17.71353,-22.928389,final
Gemma-3-1B-PT,ame_bre_1055,AmE,modelers,-34.133614,-3.054161,final
Gemma-3-1B-PT,ame_bre_1055,BrE,modellers,-30.667881,-2.364055,final
Gemma-3-1B-PT,ame_bre_0799,AmE,idealization,3.878465,11.557178,final
Gemma-3-1B-PT,ame_bre_0799,BrE,idealisation,4.093377,11.771813,final
Gemma-3-1B-PT,ame_bre_1590,AmE,succor,4.361389,8.812853,final
Gemma-3-1B-PT,ame_bre_1590,BrE,succour,4.966808,8.756657,final
Gemma-3-1B-PT,ame_bre_1132,AmE,odor,17.933521,-21.132504,final
Gemma-3-1B-PT,ame_bre_1132,BrE,odour,18.271753,-21.512085,final
Gemma-3-1B-PT,ame_bre_1428,AmE,saber,17.962692,-20.967327,final
Gemma-3-1B-PT,ame_bre_1428,BrE,sabre,17.850063,-17.333433,final
Gemma-3-1B-PT,ame_bre_1040,AmE,minimizes,4.861689,10.866852,final
Gemma-3-1B-PT,ame_bre_1040,BrE,minimises,4.776996,10.998457,final
Gemma-3-1B-PT,ame_bre_0979,AmE,marshaled,16.369545,11.251197,final
Gemma-3-1B-PT,ame_bre_0979,BrE,marshalled,16.015545,11.508109,final
Gemma-3-1B-PT,ame_bre_0305,AmE,computerizes,3.059019,12.571292,final
Gemma-3-1B-PT,ame_bre_0305,BrE,computerises,3.467404,12.85218,final
Gemma-3-1B-PT,ame_bre_1170,AmE,oxidize,17.374983,-23.127922,final
Gemma-3-1B-PT,ame_bre_1170,BrE,oxidise,17.173925,-19.977242,final
Gemma-3-1B-PT,ame_bre_1443,AmE,savories,4.405797,8.919799,final
Gemma-3-1B-PT,ame_bre_1443,BrE,savouries,4.836678,9.049609,final
Gemma-3-1B-PT,ame_bre_0996,AmE,mechanization,2.197647,12.022788,final
Gemma-3-1B-PT,ame_bre_0996,BrE,mechanisation,2.198864,12.498806,final
Gemma-3-1B-PT,ame_bre_0084,AmE,ardor,-28.548292,-4.543585,final
Gemma-3-1B-PT,ame_bre_0084,BrE,ardour,-28.565323,-4.195075,final
Gemma-3-1B-PT,ame_bre_1382,AmE,regularization,-33.431305,-6.674578,final
Gemma-3-1B-PT,ame_bre_1382,BrE,regularisation,-32.315872,-6.233907,final
Gemma-3-1B-PT,ame_bre_0088,AmE,armorers,3.613899,9.222263,final
Gemma-3-1B-PT,ame_bre_0088,BrE,armourers,3.660509,9.352831,final
Gemma-3-1B-PT,ame_bre_0135,AmE,beveled,3.519403,8.336906,final
Gemma-3-1B-PT,ame_bre_0135,BrE,bevelled,2.81553,7.890964,final
Gemma-3-1B-PT,ame_bre_1477,AmE,sepulchers,16.870386,13.101521,final
Gemma-3-1B-PT,ame_bre_1477,BrE,sepulchres,16.709721,12.616253,final
Gemma-3-1B-PT,ame_bre_0914,AmE,legitimize,-30.877621,-5.783576,final
Gemma-3-1B-PT,ame_bre_0914,BrE,legitimise,-28.415258,-4.712671,final
Gemma-3-1B-PT,ame_bre_1764,AmE,visualize,17.312347,-23.74371,final
Gemma-3-1B-PT,ame_bre_1764,BrE,visualise,17.595238,-23.384504,final
Gemma-3-1B-PT,ame_bre_1634,AmE,systematizing,14.098078,9.797354,final
Gemma-3-1B-PT,ame_bre_1634,BrE,systematising,14.126177,9.938917,final
Gemma-3-1B-PT,ame_bre_1722,AmE,unrivaled,4.123521,8.687081,final
Gemma-3-1B-PT,ame_bre_1722,BrE,unrivalled,3.443326,8.675487,final
Gemma-3-1B-PT,ame_bre_1374,AmE,recognizes,-33.55587,-5.594905,final
Gemma-3-1B-PT,ame_bre_1374,BrE,recognises,-33.361267,-5.383636,final
Gemma-3-1B-PT,ame_bre_1242,AmE,philosophize,-27.889151,-5.126528,final
Gemma-3-1B-PT,ame_bre_1242,BrE,philosophise,-28.084532,-4.869568,final
Gemma-3-1B-PT,ame_bre_1305,AmE,professionalization,1.935712,12.462206,final
Gemma-3-1B-PT,ame_bre_1305,BrE,professionalisation,1.733178,12.507607,final
Gemma-3-1B-PT,ame_bre_0381,AmE,demilitarize,-25.617912,-2.513762,final
Gemma-3-1B-PT,ame_bre_0381,BrE,demilitarise,-25.232403,-2.186341,final
Gemma-3-1B-IT,ame_bre_0400,AmE,demoralize,-13.024046,-3.218079,final
Gemma-3-1B-IT,ame_bre_0400,BrE,demoralise,-13.322788,-2.783194,final
Gemma-3-1B-IT,ame_bre_1400,AmE,reveler,-4.614636,-8.805071,final
Gemma-3-1B-IT,ame_bre_1400,BrE,reveller,-5.180557,-5.188967,final
Gemma-3-1B-IT,ame_bre_1292,AmE,pretenses,-14.083,0.170102,final
Gemma-3-1B-IT,ame_bre_1292,BrE,pretences,-16.52754,0.880624,final
Gemma-3-1B-IT,ame_bre_0447,AmE,disemboweling,-12.590139,19.487885,final
Gemma-3-1B-IT,ame_bre_0447,BrE,disembowelling,-12.765645,18.601883,final
Gemma-3-1B-IT,ame_bre_1778,AmE,vulgarizes,-9.365026,-8.155495,final
Gemma-3-1B-IT,ame_bre_1778,BrE,vulgarises,-9.463972,-6.976188,final
Gemma-3-1B-IT,ame_bre_1325,AmE,psychoanalyze,-6.666197,2.502228,final
Gemma-3-1B-IT,ame_bre_1325,BrE,psychoanalyse,-6.725597,1.127061,final
Gemma-3-1B-IT,ame_bre_1692,AmE,trivialize,-6.660337,1.445863,final
Gemma-3-1B-IT,ame_bre_1692,BrE,trivialise,-2.083845,-4.345087,final
Gemma-3-1B-IT,ame_bre_1216,AmE,pederast,-9.051945,7.243484,final
Gemma-3-1B-IT,ame_bre_1216,BrE,paederast,-9.399685,10.217583,final
Gemma-3-1B-IT,ame_bre_0440,AmE,digitizes,35.129276,0.478957,final
Gemma-3-1B-IT,ame_bre_0440,BrE,digitises,35.105343,1.409802,final
Gemma-3-1B-IT,ame_bre_1192,AmE,parlors,-10.698915,22.994705,final
Gemma-3-1B-IT,ame_bre_1192,BrE,parlours,-10.857392,24.632557,final
Gemma-3-1B-IT,ame_bre_1504,AmE,siphoning,26.463966,11.04841,final
Gemma-3-1B-IT,ame_bre_1504,BrE,syphoning,26.739132,5.760226,final
Gemma-3-1B-IT,ame_bre_1011,AmE,mesmerized,-3.120125,-9.10056,final
Gemma-3-1B-IT,ame_bre_1011,BrE,mesmerised,-3.225904,-8.887746,final
Gemma-3-1B-IT,ame_bre_0738,AmE,harboring,-2.383309,-14.439422,final
Gemma-3-1B-IT,ame_bre_0738,BrE,harbouring,-2.122056,-13.05072,final
Gemma-3-1B-IT,ame_bre_1654,AmE,theater,34.921402,0.703378,final
Gemma-3-1B-IT,ame_bre_1654,BrE,theatre,35.027336,0.917262,final
Gemma-3-1B-IT,ame_bre_0969,AmE,maneuvered,34.487869,0.085185,final
Gemma-3-1B-IT,ame_bre_0969,BrE,manoeuvred,31.177917,3.277109,final
Gemma-3-1B-IT,ame_bre_0748,AmE,hematology,-16.76861,-2.337087,final
Gemma-3-1B-IT,ame_bre_0748,BrE,haematology,-16.239605,-2.600446,final
Gemma-3-1B-IT,ame_bre_0578,AmE,factorize,-11.834497,-5.213686,final
Gemma-3-1B-IT,ame_bre_0578,BrE,factorise,-11.923393,-4.990009,final
Gemma-3-1B-IT,ame_bre_0945,AmE,liquidizers,-3.699329,-9.834634,final
Gemma-3-1B-IT,ame_bre_0945,BrE,liquidisers,-2.866581,-12.22189,final
Gemma-3-1B-IT,ame_bre_1324,AmE,proselytizing,-10.699842,28.539795,final
Gemma-3-1B-IT,ame_bre_1324,BrE,proselytising,-10.638773,29.114494,final
Gemma-3-1B-IT,ame_bre_1181,AmE,paneling,33.287609,1.247927,final
Gemma-3-1B-IT,ame_bre_1181,BrE,panelling,28.361511,7.327572,final
Gemma-3-1B-IT,ame_bre_0075,AmE,appetizingly,-0.481159,14.491357,final
Gemma-3-1B-IT,ame_bre_0075,BrE,appetisingly,-5.760614,22.127916,final
Gemma-3-1B-IT,ame_bre_1718,AmE,unraveled,-18.772293,10.375412,final
Gemma-3-1B-IT,ame_bre_1718,BrE,unravelled,-9.107104,-6.168191,final
Gemma-3-1B-IT,ame_bre_1192,AmE,parlors,-6.466754,-5.59707,final
Gemma-3-1B-IT,ame_bre_1192,BrE,parlours,-6.079492,-5.767551,final
Gemma-3-1B-IT,ame_bre_1761,AmE,vigor,-8.942932,18.981274,final
Gemma-3-1B-IT,ame_bre_1761,BrE,vigour,-7.892747,16.944693,final
Gemma-3-1B-IT,ame_bre_1603,AmE,summarizing,-13.821829,-12.174658,final
Gemma-3-1B-IT,ame_bre_1603,BrE,summarising,-14.035068,-6.725965,final
Gemma-3-1B-IT,ame_bre_1341,AmE,quarreled,-16.88908,31.294996,final
Gemma-3-1B-IT,ame_bre_1341,BrE,quarrelled,-8.422747,18.570374,final
Gemma-3-1B-IT,ame_bre_0287,AmE,colorfully,-4.277067,-2.894305,final
Gemma-3-1B-IT,ame_bre_0287,BrE,colourfully,-4.217268,-3.110045,final
Gemma-3-1B-IT,ame_bre_0236,AmE,cesarean,-15.304092,-1.906445,final
Gemma-3-1B-IT,ame_bre_0236,BrE,caesarean,-15.788138,-0.316938,final
Gemma-3-1B-IT,ame_bre_1546,AmE,spiraling,-6.537337,-6.23596,final
Gemma-3-1B-IT,ame_bre_1546,BrE,spiralling,-6.026804,-6.317514,final
Gemma-3-1B-IT,ame_bre_0639,AmE,finalizing,-1.353367,-17.082302,final
Gemma-3-1B-IT,ame_bre_0639,BrE,finalising,-1.878503,-13.321307,final
Gemma-3-1B-IT,ame_bre_1345,AmE,radicalizes,-5.5676,9.468269,final
Gemma-3-1B-IT,ame_bre_1345,BrE,radicalises,-5.776224,11.097236,final
Gemma-3-1B-IT,ame_bre_0041,AmE,analyzing,-4.218099,-7.671803,final
Gemma-3-1B-IT,ame_bre_0041,BrE,analysing,-3.788456,-5.543397,final
Gemma-3-1B-IT,ame_bre_0008,AmE,acclimatizes,31.303181,0.98617,final
Gemma-3-1B-IT,ame_bre_0008,BrE,acclimatises,31.369253,1.767807,final
Gemma-3-1B-IT,ame_bre_1167,AmE,overemphasizing,-11.493269,-1.298084,final
Gemma-3-1B-IT,ame_bre_1167,BrE,overemphasising,-11.718066,-0.919154,final
Gemma-3-1B-IT,ame_bre_0785,AmE,humorless,35.605534,0.68686,final
Gemma-3-1B-IT,ame_bre_0785,BrE,humourless,34.36462,1.649962,final
Gemma-3-1B-IT,ame_bre_0196,AmE,carbonized,-3.415725,-12.214533,final
Gemma-3-1B-IT,ame_bre_0196,BrE,carbonised,-2.860051,-11.95201,final
Gemma-3-1B-IT,ame_bre_0755,AmE,hemorrhages,-5.466659,-5.354338,final
Gemma-3-1B-IT,ame_bre_0755,BrE,haemorrhages,-4.553421,-4.781579,final
Gemma-3-1B-IT,ame_bre_1348,AmE,rancor,-17.461525,4.551013,final
Gemma-3-1B-IT,ame_bre_1348,BrE,rancour,-16.588919,3.990868,final
Gemma-3-1B-IT,ame_bre_0237,AmE,cesareans,-10.722911,25.150848,final
Gemma-3-1B-IT,ame_bre_0237,BrE,caesareans,-12.498372,28.499062,final
Gemma-3-1B-IT,ame_bre_0907,AmE,labors,-5.93144,-1.699157,final
Gemma-3-1B-IT,ame_bre_0907,BrE,labours,-6.243896,-1.32189,final
Gemma-3-1B-IT,ame_bre_1044,AmE,misdemeanors,-16.077477,-1.802973,final
Gemma-3-1B-IT,ame_bre_1044,BrE,misdemeanours,-15.814576,-0.919549,final
Gemma-3-1B-IT,ame_bre_0094,AmE,authorize,-2.870947,-14.336086,final
Gemma-3-1B-IT,ame_bre_0094,BrE,authorise,-3.453676,-11.159708,final
Gemma-3-1B-IT,ame_bre_1222,AmE,pedestrianizing,32.481617,-1.716025,final
Gemma-3-1B-IT,ame_bre_1222,BrE,pedestrianising,31.201452,-1.260954,final
Gemma-3-1B-IT,ame_bre_0565,AmE,exorcizing,-13.223042,-4.102186,final
Gemma-3-1B-IT,ame_bre_0565,BrE,exorcising,-13.316334,-4.176017,final
Gemma-3-1B-IT,ame_bre_0691,AmE,generalize,-5.663327,14.12521,final
Gemma-3-1B-IT,ame_bre_0691,BrE,generalise,-5.08707,14.496451,final
Gemma-3-1B-IT,ame_bre_0533,AmE,epitomized,-10.805759,24.762621,final
Gemma-3-1B-IT,ame_bre_0533,BrE,epitomised,-10.648194,26.182117,final
Gemma-3-1B-IT,ame_bre_1687,AmE,travelogs,-6.584459,-3.642216,final
Gemma-3-1B-IT,ame_bre_1687,BrE,travelogues,-6.547985,-0.117791,final
Gemma-3-1B-IT,ame_bre_1705,AmE,tyrannizing,-13.387315,19.622967,final
Gemma-3-1B-IT,ame_bre_1705,BrE,tyrannising,-13.374254,19.418583,final
Gemma-3-1B-IT,ame_bre_0116,AmE,bastardizes,-11.668283,-5.154937,final
Gemma-3-1B-IT,ame_bre_0116,BrE,bastardises,-11.991225,-5.372891,final
Gemma-3-1B-IT,ame_bre_1416,AmE,rigors,-9.369962,6.642932,final
Gemma-3-1B-IT,ame_bre_1416,BrE,rigours,-8.979745,5.198683,final
Gemma-3-1B-IT,ame_bre_1096,AmE,motorized,-2.913305,-15.637401,final
Gemma-3-1B-IT,ame_bre_1096,BrE,motorised,-3.389944,-15.161318,final
Gemma-3-1B-IT,ame_bre_0898,AmE,kilometer,-7.2776,-1.39312,final
Gemma-3-1B-IT,ame_bre_0898,BrE,kilometre,-7.224416,-1.575823,final
Gemma-3-1B-IT,ame_bre_0767,AmE,honorable,-5.032053,-5.512247,final
Gemma-3-1B-IT,ame_bre_0767,BrE,honourable,-4.6658,-5.786996,final
Gemma-3-1B-IT,ame_bre_1557,AmE,stabilizing,-12.289626,-11.446005,final
Gemma-3-1B-IT,ame_bre_1557,BrE,stabilising,-14.658012,-3.29127,final
Gemma-3-1B-IT,ame_bre_1497,AmE,signaling,-11.503235,-11.862486,final
Gemma-3-1B-IT,ame_bre_1497,BrE,signalling,-11.520276,-11.512614,final
Gemma-3-1B-IT,ame_bre_1656,AmE,theatergoers,-1.91178,-11.394866,final
Gemma-3-1B-IT,ame_bre_1656,BrE,theatregoers,-1.372932,-12.08028,final
Gemma-3-1B-IT,ame_bre_0907,AmE,labors,-12.646373,-7.730353,final
Gemma-3-1B-IT,ame_bre_0907,BrE,labours,-13.818266,-9.916445,final
Gemma-3-1B-IT,ame_bre_1783,AmE,weaseled,-11.769888,-1.368745,final
Gemma-3-1B-IT,ame_bre_1783,BrE,weaselled,-16.353815,5.01679,final
Gemma-3-1B-IT,ame_bre_0924,AmE,libeling,25.959812,7.699599,final
Gemma-3-1B-IT,ame_bre_0924,BrE,libelling,27.281824,6.783303,final
Gemma-3-1B-IT,ame_bre_1589,AmE,subsidizing,30.173254,3.71499,final
Gemma-3-1B-IT,ame_bre_1589,BrE,subsidising,30.176941,4.049698,final
Gemma-3-1B-IT,ame_bre_0583,AmE,familiarization,-12.876774,-9.405819,final
Gemma-3-1B-IT,ame_bre_0583,BrE,familiarisation,-12.947345,-7.684063,final
Gemma-3-1B-IT,ame_bre_0599,AmE,favorites,-5.586274,-1.546424,final
Gemma-3-1B-IT,ame_bre_0599,BrE,favourites,-5.471837,-0.634075,final
Gemma-3-1B-IT,ame_bre_1346,AmE,radicalizing,-1.966568,-17.031792,final
Gemma-3-1B-IT,ame_bre_1346,BrE,radicalising,-2.456817,-16.065243,final
Gemma-3-1B-IT,ame_bre_0029,AmE,amortizations,-5.669291,-8.321055,final
Gemma-3-1B-IT,ame_bre_0029,BrE,amortisations,-5.757182,-9.061733,final
Gemma-3-1B-IT,ame_bre_0157,AmE,brutalize,-2.068454,-11.357567,final
Gemma-3-1B-IT,ame_bre_0157,BrE,brutalise,-2.439105,-10.633327,final
Gemma-3-1B-IT,ame_bre_1086,AmE,monopolization,-4.736715,-9.749415,final
Gemma-3-1B-IT,ame_bre_1086,BrE,monopolisation,-4.820073,-9.095577,final
Gemma-3-1B-IT,ame_bre_1225,AmE,pediatricians,-4.709861,-11.827298,final
Gemma-3-1B-IT,ame_bre_1225,BrE,paediatricians,-4.468233,-10.482677,final
Gemma-3-1B-IT,ame_bre_0610,AmE,fertilized,-12.408464,-9.256441,final
Gemma-3-1B-IT,ame_bre_0610,BrE,fertilised,-14.45124,-1.855381,final
Gemma-3-1B-IT,ame_bre_0602,AmE,fecal,33.56427,0.588532,final
Gemma-3-1B-IT,ame_bre_0602,BrE,faecal,26.127668,6.854359,final
Gemma-3-1B-IT,ame_bre_1309,AmE,professionalizing,-1.840206,-15.641447,final
Gemma-3-1B-IT,ame_bre_1309,BrE,professionalising,-2.039385,-15.895598,final
Gemma-3-1B-IT,ame_bre_0911,AmE,legalized,-9.129123,10.867733,final
Gemma-3-1B-IT,ame_bre_0911,BrE,legalised,-6.612393,9.706549,final
Gemma-3-1B-IT,ame_bre_0133,AmE,belaboring,-12.83973,-0.831444,final
Gemma-3-1B-IT,ame_bre_0133,BrE,belabouring,-17.943893,6.398301,final
Gemma-3-1B-IT,ame_bre_1129,AmE,normalizes,-4.878678,-9.404701,final
Gemma-3-1B-IT,ame_bre_1129,BrE,normalises,-4.449835,-10.401189,final
Gemma-3-1B-IT,ame_bre_1038,AmE,minimize,-3.650941,-5.513773,final
Gemma-3-1B-IT,ame_bre_1038,BrE,minimise,-3.700539,-4.437835,final
Gemma-3-1B-IT,ame_bre_0967,AmE,maneuverability,-4.991548,-4.362311,final
Gemma-3-1B-IT,ame_bre_0967,BrE,manoeuvrability,-6.035241,1.148185,final
Gemma-3-1B-IT,ame_bre_0543,AmE,equalizing,36.512131,-0.128915,final
Gemma-3-1B-IT,ame_bre_0543,BrE,equalising,36.279591,-0.203065,final
Gemma-3-1B-IT,ame_bre_1664,AmE,tires,34.828514,0.027303,final
Gemma-3-1B-IT,ame_bre_1664,BrE,tyres,34.655239,-0.05149,final
Gemma-3-1B-IT,ame_bre_0625,AmE,fictionalize,-1.278885,-14.371543,final
Gemma-3-1B-IT,ame_bre_0625,BrE,fictionalise,0.532771,-12.293089,final
Gemma-3-1B-IT,ame_bre_1466,AmE,sensationalizes,35.64241,-1.622038,final
Gemma-3-1B-IT,ame_bre_1466,BrE,sensationalises,36.116589,-1.305875,final
Gemma-3-1B-IT,ame_bre_1788,AmE,westernizes,32.357723,-0.533305,final
Gemma-3-1B-IT,ame_bre_1788,BrE,westernises,32.286789,0.109832,final
Gemma-3-1B-IT,ame_bre_1200,AmE,passivizes,-12.045221,1.380071,final
Gemma-3-1B-IT,ame_bre_1200,BrE,passivises,-13.38546,2.471154,final
Gemma-3-1B-IT,ame_bre_0887,AmE,jeopardize,-10.676228,-9.6006,final
Gemma-3-1B-IT,ame_bre_0887,BrE,jeopardise,-13.027704,-1.306964,final
Gemma-3-1B-IT,ame_bre_0504,AmE,emphasizing,35.996292,-2.062303,final
Gemma-3-1B-IT,ame_bre_0504,BrE,emphasising,29.648222,4.028035,final
Gemma-3-1B-IT,ame_bre_0479,AmE,dramatizes,-2.178368,-9.0188,final
Gemma-3-1B-IT,ame_bre_0479,BrE,dramatises,-1.348378,-6.814728,final
Gemma-3-1B-IT,ame_bre_0045,AmE,anesthetic,-2.751615,-14.192621,final
Gemma-3-1B-IT,ame_bre_0045,BrE,anaesthetic,-4.276345,-8.925938,final
Gemma-3-1B-IT,ame_bre_1262,AmE,polarization,-11.683619,-10.842402,final
Gemma-3-1B-IT,ame_bre_1262,BrE,polarisation,-12.109545,-10.388829,final
Gemma-3-1B-IT,ame_bre_1545,AmE,spiraled,-6.862201,-4.453095,final
Gemma-3-1B-IT,ame_bre_1545,BrE,spiralled,-6.956522,-4.156676,final
Gemma-3-1B-IT,ame_bre_1289,AmE,pressurizes,-12.510032,-3.423076,final
Gemma-3-1B-IT,ame_bre_1289,BrE,pressurises,-12.576143,-2.964254,final
Gemma-3-1B-IT,ame_bre_0338,AmE,criminalizes,-6.343016,7.777796,final
Gemma-3-1B-IT,ame_bre_0338,BrE,criminalises,-6.259795,9.057401,final
Gemma-3-1B-IT,ame_bre_0406,AmE,denationalized,-13.325626,23.40634,final
Gemma-3-1B-IT,ame_bre_0406,BrE,denationalised,-13.842089,24.543148,final
Gemma-3-1B-IT,ame_bre_0825,AmE,impaneling,21.660404,12.925978,final
Gemma-3-1B-IT,ame_bre_0825,BrE,impanelling,23.319136,13.862667,final
Gemma-3-1B-IT,ame_bre_0693,AmE,generalizes,35.805984,-1.724066,final
Gemma-3-1B-IT,ame_bre_0693,BrE,generalises,34.693436,0.405556,final
Gemma-3-1B-IT,ame_bre_0346,AmE,crystallization,35.667435,-1.446057,final
Gemma-3-1B-IT,ame_bre_0346,BrE,crystallisation,29.510849,3.758097,final
Gemma-3-1B-IT,ame_bre_0729,AmE,grueling,-7.866056,12.789465,final
Gemma-3-1B-IT,ame_bre_0729,BrE,gruelling,-12.011516,21.666761,final
Gemma-3-1B-IT,ame_bre_1165,AmE,overemphasized,31.197596,9.423186,final
Gemma-3-1B-IT,ame_bre_1165,BrE,overemphasised,30.882524,10.215351,final
Gemma-3-1B-IT,ame_bre_0946,AmE,liquidizes,35.354027,-0.033597,final
Gemma-3-1B-IT,ame_bre_0946,BrE,liquidises,33.092094,0.705576,final
Gemma-3-1B-IT,ame_bre_1055,AmE,modelers,-11.822949,-8.276721,final
Gemma-3-1B-IT,ame_bre_1055,BrE,modellers,-13.845524,-3.507065,final
Gemma-3-1B-IT,ame_bre_0799,AmE,idealization,-2.412067,-15.880837,final
Gemma-3-1B-IT,ame_bre_0799,BrE,idealisation,-2.449599,-15.352957,final
Gemma-3-1B-IT,ame_bre_1590,AmE,succor,-10.047536,9.299201,final
Gemma-3-1B-IT,ame_bre_1590,BrE,succour,-9.06992,7.9116,final
Gemma-3-1B-IT,ame_bre_1132,AmE,odor,34.693871,1.832132,final
Gemma-3-1B-IT,ame_bre_1132,BrE,odour,35.391991,1.968563,final
Gemma-3-1B-IT,ame_bre_1428,AmE,saber,32.970009,2.287476,final
Gemma-3-1B-IT,ame_bre_1428,BrE,sabre,24.190002,12.064016,final
Gemma-3-1B-IT,ame_bre_1040,AmE,minimizes,-0.741693,-15.910959,final
Gemma-3-1B-IT,ame_bre_1040,BrE,minimises,-5.293713,-5.508893,final
Gemma-3-1B-IT,ame_bre_0979,AmE,marshaled,-8.150375,18.506428,final
Gemma-3-1B-IT,ame_bre_0979,BrE,marshalled,-8.953559,18.406664,final
Gemma-3-1B-IT,ame_bre_0305,AmE,computerizes,-1.531173,-12.717052,final
Gemma-3-1B-IT,ame_bre_0305,BrE,computerises,-2.755288,-11.156879,final
Gemma-3-1B-IT,ame_bre_1170,AmE,oxidize,35.710003,-0.151028,final
Gemma-3-1B-IT,ame_bre_1170,BrE,oxidise,30.298122,6.210049,final
Gemma-3-1B-IT,ame_bre_1443,AmE,savories,-7.337331,3.819035,final
Gemma-3-1B-IT,ame_bre_1443,BrE,savouries,-8.883142,7.816637,final
Gemma-3-1B-IT,ame_bre_0996,AmE,mechanization,-5.933254,-7.680056,final
Gemma-3-1B-IT,ame_bre_0996,BrE,mechanisation,-6.114656,-7.414206,final
Gemma-3-1B-IT,ame_bre_0084,AmE,ardor,-18.099775,5.123182,final
Gemma-3-1B-IT,ame_bre_0084,BrE,ardour,-15.293776,3.115796,final
Gemma-3-1B-IT,ame_bre_1382,AmE,regularization,-12.23116,-12.087811,final
Gemma-3-1B-IT,ame_bre_1382,BrE,regularisation,-11.325046,-11.449878,final
Gemma-3-1B-IT,ame_bre_0088,AmE,armorers,-6.085269,-2.349229,final
Gemma-3-1B-IT,ame_bre_0088,BrE,armourers,-6.202941,-2.343457,final
Gemma-3-1B-IT,ame_bre_0135,AmE,beveled,-5.723969,-2.686469,final
Gemma-3-1B-IT,ame_bre_0135,BrE,bevelled,-5.33468,-4.561514,final
Gemma-3-1B-IT,ame_bre_1477,AmE,sepulchers,-15.174413,33.8088,final
Gemma-3-1B-IT,ame_bre_1477,BrE,sepulchres,-17.273615,38.927177,final
Gemma-3-1B-IT,ame_bre_0914,AmE,legitimize,-12.327581,-4.30612,final
Gemma-3-1B-IT,ame_bre_0914,BrE,legitimise,-15.177437,-1.434593,final
Gemma-3-1B-IT,ame_bre_1764,AmE,visualize,36.530441,-2.321933,final
Gemma-3-1B-IT,ame_bre_1764,BrE,visualise,35.847107,-1.13014,final
Gemma-3-1B-IT,ame_bre_1634,AmE,systematizing,-7.742272,14.513602,final
Gemma-3-1B-IT,ame_bre_1634,BrE,systematising,-8.122027,15.334846,final
Gemma-3-1B-IT,ame_bre_1722,AmE,unrivaled,-5.984533,-1.614989,final
Gemma-3-1B-IT,ame_bre_1722,BrE,unrivalled,-4.693202,-6.242051,final
Gemma-3-1B-IT,ame_bre_1374,AmE,recognizes,-11.702219,-9.018152,final
Gemma-3-1B-IT,ame_bre_1374,BrE,recognises,-12.513012,-9.06793,final
Gemma-3-1B-IT,ame_bre_1242,AmE,philosophize,-12.799507,-1.016288,final
Gemma-3-1B-IT,ame_bre_1242,BrE,philosophise,-14.316832,2.136652,final
Gemma-3-1B-IT,ame_bre_1305,AmE,professionalization,-2.143169,-15.004601,final
Gemma-3-1B-IT,ame_bre_1305,BrE,professionalisation,-2.178826,-13.699309,final
Gemma-3-1B-IT,ame_bre_0381,AmE,demilitarize,-17.097446,1.552535,final
Gemma-3-1B-IT,ame_bre_0381,BrE,demilitarise,-16.664171,1.890585,final
Ministral-3-3B-Base,ame_bre_0400,AmE,demoralize,-14.401204,-8.613132,final
Ministral-3-3B-Base,ame_bre_0400,BrE,demoralise,-14.444263,-8.189656,final
Ministral-3-3B-Base,ame_bre_1400,AmE,reveler,-6.566756,-7.640414,final
Ministral-3-3B-Base,ame_bre_1400,BrE,reveller,-7.416331,-6.393191,final
Ministral-3-3B-Base,ame_bre_1292,AmE,pretenses,-18.634068,-6.305698,final
Ministral-3-3B-Base,ame_bre_1292,BrE,pretences,-18.631321,-6.267818,final
Ministral-3-3B-Base,ame_bre_0447,AmE,disemboweling,-8.6478,26.359249,final
Ministral-3-3B-Base,ame_bre_0447,BrE,disembowelling,-8.539426,26.652796,final
Ministral-3-3B-Base,ame_bre_1778,AmE,vulgarizes,-17.686205,-7.503095,final
Ministral-3-3B-Base,ame_bre_1778,BrE,vulgarises,-18.063692,-7.270925,final
Ministral-3-3B-Base,ame_bre_1325,AmE,psychoanalyze,-10.680786,26.382956,final
Ministral-3-3B-Base,ame_bre_1325,BrE,psychoanalyse,-11.241713,29.826227,final
Ministral-3-3B-Base,ame_bre_1692,AmE,trivialize,-10.688873,30.521441,final
Ministral-3-3B-Base,ame_bre_1692,BrE,trivialise,-10.8145,34.906944,final
Ministral-3-3B-Base,ame_bre_1216,AmE,pederast,-11.803997,26.609238,final
Ministral-3-3B-Base,ame_bre_1216,BrE,paederast,-11.421616,26.207474,final
Ministral-3-3B-Base,ame_bre_0440,AmE,digitizes,42.554131,4.050406,final
Ministral-3-3B-Base,ame_bre_0440,BrE,digitises,41.869843,4.319774,final
Ministral-3-3B-Base,ame_bre_1192,AmE,parlors,3.586835,-19.120716,final
Ministral-3-3B-Base,ame_bre_1192,BrE,parlours,4.360587,-18.749775,final
Ministral-3-3B-Base,ame_bre_1504,AmE,siphoning,36.079082,2.983272,final
Ministral-3-3B-Base,ame_bre_1504,BrE,syphoning,35.327358,1.946187,final
Ministral-3-3B-Base,ame_bre_1011,AmE,mesmerized,-5.298539,-7.743457,final
Ministral-3-3B-Base,ame_bre_1011,BrE,mesmerised,-5.475031,-6.859212,final
Ministral-3-3B-Base,ame_bre_0738,AmE,harboring,-6.167613,-3.79829,final
Ministral-3-3B-Base,ame_bre_0738,BrE,harbouring,-6.235052,-3.466787,final
Ministral-3-3B-Base,ame_bre_1654,AmE,theater,42.177452,5.349362,final
Ministral-3-3B-Base,ame_bre_1654,BrE,theatre,41.95166,5.540079,final
Ministral-3-3B-Base,ame_bre_0969,AmE,maneuvered,46.434792,2.803674,final
Ministral-3-3B-Base,ame_bre_0969,BrE,manoeuvred,37.49522,2.503407,final
Ministral-3-3B-Base,ame_bre_0748,AmE,hematology,-20.417336,-6.975941,final
Ministral-3-3B-Base,ame_bre_0748,BrE,haematology,-18.224272,-6.578179,final
Ministral-3-3B-Base,ame_bre_0578,AmE,factorize,-19.773832,-4.463471,final
Ministral-3-3B-Base,ame_bre_0578,BrE,factorise,-18.299696,-4.588521,final
Ministral-3-3B-Base,ame_bre_0945,AmE,liquidizers,-9.329289,-5.652894,final
Ministral-3-3B-Base,ame_bre_0945,BrE,liquidisers,-8.281977,-4.943048,final
Ministral-3-3B-Base,ame_bre_1324,AmE,proselytizing,6.456762,-18.280273,final
Ministral-3-3B-Base,ame_bre_1324,BrE,proselytising,6.179401,-18.468115,final
Ministral-3-3B-Base,ame_bre_1181,AmE,paneling,43.58984,4.391593,final
Ministral-3-3B-Base,ame_bre_1181,BrE,panelling,39.418251,4.346136,final
Ministral-3-3B-Base,ame_bre_0075,AmE,appetizingly,7.975118,-19.352007,final
Ministral-3-3B-Base,ame_bre_0075,BrE,appetisingly,7.7242,-19.549276,final
Ministral-3-3B-Base,ame_bre_1718,AmE,unraveled,-16.484076,-5.901296,final
Ministral-3-3B-Base,ame_bre_1718,BrE,unravelled,-18.852303,-5.156595,final
Ministral-3-3B-Base,ame_bre_1192,AmE,parlors,-9.834284,-7.219019,final
Ministral-3-3B-Base,ame_bre_1192,BrE,parlours,-9.912166,-6.252921,final
Ministral-3-3B-Base,ame_bre_1761,AmE,vigor,0.272863,-22.277578,final
Ministral-3-3B-Base,ame_bre_1761,BrE,vigour,1.637794,-19.890823,final
Ministral-3-3B-Base,ame_bre_1603,AmE,summarizing,-23.95455,-5.450848,final
Ministral-3-3B-Base,ame_bre_1603,BrE,summarising,-24.334127,-5.529518,final
Ministral-3-3B-Base,ame_bre_1341,AmE,quarreled,4.144692,-17.990072,final
Ministral-3-3B-Base,ame_bre_1341,BrE,quarrelled,7.921736,-18.810152,final
Ministral-3-3B-Base,ame_bre_0287,AmE,colorfully,-12.915118,35.213219,final
Ministral-3-3B-Base,ame_bre_0287,BrE,colourfully,-12.842716,34.986568,final
Ministral-3-3B-Base,ame_bre_0236,AmE,cesarean,-19.997967,-8.124144,final
Ministral-3-3B-Base,ame_bre_0236,BrE,caesarean,-18.717934,-6.382195,final
Ministral-3-3B-Base,ame_bre_1546,AmE,spiraling,-10.336062,-6.332776,final
Ministral-3-3B-Base,ame_bre_1546,BrE,spiralling,-9.562006,-6.442904,final
Ministral-3-3B-Base,ame_bre_0639,AmE,finalizing,-8.832147,-4.215951,final
Ministral-3-3B-Base,ame_bre_0639,BrE,finalising,-7.905991,-3.849254,final
Ministral-3-3B-Base,ame_bre_1345,AmE,radicalizes,3.066468,-21.792185,final
Ministral-3-3B-Base,ame_bre_1345,BrE,radicalises,4.871652,-21.53142,final
Ministral-3-3B-Base,ame_bre_0041,AmE,analyzing,-14.185295,31.516016,final
Ministral-3-3B-Base,ame_bre_0041,BrE,analysing,-13.26143,31.456333,final
Ministral-3-3B-Base,ame_bre_0008,AmE,acclimatizes,35.956783,1.189997,final
Ministral-3-3B-Base,ame_bre_0008,BrE,acclimatises,35.237934,1.745903,final
Ministral-3-3B-Base,ame_bre_1167,AmE,overemphasizing,-14.671664,-4.328259,final
Ministral-3-3B-Base,ame_bre_1167,BrE,overemphasising,-14.587379,-4.435504,final
Ministral-3-3B-Base,ame_bre_0785,AmE,humorless,44.578789,3.082223,final
Ministral-3-3B-Base,ame_bre_0785,BrE,humourless,45.161888,3.064783,final
Ministral-3-3B-Base,ame_bre_0196,AmE,carbonized,-11.537714,-5.484476,final
Ministral-3-3B-Base,ame_bre_0196,BrE,carbonised,-10.874681,-5.214166,final
Ministral-3-3B-Base,ame_bre_0755,AmE,hemorrhages,-8.104555,-6.204849,final
Ministral-3-3B-Base,ame_bre_0755,BrE,haemorrhages,-6.3929,-5.368617,final
Ministral-3-3B-Base,ame_bre_1348,AmE,rancor,-16.945868,-8.223905,final
Ministral-3-3B-Base,ame_bre_1348,BrE,rancour,-16.888737,-8.56186,final
Ministral-3-3B-Base,ame_bre_0237,AmE,cesareans,3.155077,-18.840731,final
Ministral-3-3B-Base,ame_bre_0237,BrE,caesareans,3.55302,-16.304256,final
Ministral-3-3B-Base,ame_bre_0907,AmE,labors,-13.559645,33.239105,final
Ministral-3-3B-Base,ame_bre_0907,BrE,labours,-13.583992,34.283978,final
Ministral-3-3B-Base,ame_bre_1044,AmE,misdemeanors,-12.577175,-4.862217,final
Ministral-3-3B-Base,ame_bre_1044,BrE,misdemeanours,-12.915709,-5.040037,final
Ministral-3-3B-Base,ame_bre_0094,AmE,authorize,-9.157487,-5.845311,final
Ministral-3-3B-Base,ame_bre_0094,BrE,authorise,-9.197741,-2.793768,final
Ministral-3-3B-Base,ame_bre_1222,AmE,pedestrianizing,43.158569,2.944129,final
Ministral-3-3B-Base,ame_bre_1222,BrE,pedestrianising,42.598778,3.09206,final
Ministral-3-3B-Base,ame_bre_0565,AmE,exorcizing,-17.923937,-7.307191,final
Ministral-3-3B-Base,ame_bre_0565,BrE,exorcising,-18.387415,-7.172951,final
Ministral-3-3B-Base,ame_bre_0691,AmE,generalize,2.715391,-20.459944,final
Ministral-3-3B-Base,ame_bre_0691,BrE,generalise,5.586957,-17.134323,final
Ministral-3-3B-Base,ame_bre_0533,AmE,epitomized,3.213564,-19.300482,final
Ministral-3-3B-Base,ame_bre_0533,BrE,epitomised,2.948068,-19.570143,final
Ministral-3-3B-Base,ame_bre_1687,AmE,travelogs,-13.432875,32.31081,final
Ministral-3-3B-Base,ame_bre_1687,BrE,travelogues,-12.587402,31.048536,final
Ministral-3-3B-Base,ame_bre_1705,AmE,tyrannizing,1.526641,-21.305815,final
Ministral-3-3B-Base,ame_bre_1705,BrE,tyrannising,0.310136,-20.979221,final
Ministral-3-3B-Base,ame_bre_0116,AmE,bastardizes,-14.759879,-8.691955,final
Ministral-3-3B-Base,ame_bre_0116,BrE,bastardises,-15.684399,-8.236059,final
Ministral-3-3B-Base,ame_bre_1416,AmE,rigors,-13.366403,32.536728,final
Ministral-3-3B-Base,ame_bre_1416,BrE,rigours,-13.475067,34.221954,final
Ministral-3-3B-Base,ame_bre_1096,AmE,motorized,-9.830591,-5.126118,final
Ministral-3-3B-Base,ame_bre_1096,BrE,motorised,-9.300685,-4.38193,final
Ministral-3-3B-Base,ame_bre_0898,AmE,kilometer,-13.747967,33.534489,final
Ministral-3-3B-Base,ame_bre_0898,BrE,kilometre,-12.426571,31.759909,final
Ministral-3-3B-Base,ame_bre_0767,AmE,honorable,-12.522088,32.344101,final
Ministral-3-3B-Base,ame_bre_0767,BrE,honourable,-12.451191,30.86293,final
Ministral-3-3B-Base,ame_bre_1557,AmE,stabilizing,-25.833939,-5.161768,final
Ministral-3-3B-Base,ame_bre_1557,BrE,stabilising,-23.824327,-6.125998,final
Ministral-3-3B-Base,ame_bre_1497,AmE,signaling,-24.453453,-5.229153,final
Ministral-3-3B-Base,ame_bre_1497,BrE,signalling,-24.548386,-5.037535,final
Ministral-3-3B-Base,ame_bre_1656,AmE,theatergoers,-3.568705,-3.843409,final
Ministral-3-3B-Base,ame_bre_1656,BrE,theatregoers,-3.475808,-3.682609,final
Ministral-3-3B-Base,ame_bre_0907,AmE,labors,-21.482018,-4.839687,final
Ministral-3-3B-Base,ame_bre_0907,BrE,labours,-21.569105,-4.918071,final
Ministral-3-3B-Base,ame_bre_1783,AmE,weaseled,-14.545123,-5.834457,final
Ministral-3-3B-Base,ame_bre_1783,BrE,weaselled,-15.486041,-4.978168,final
Ministral-3-3B-Base,ame_bre_0924,AmE,libeling,36.617203,2.80505,final
Ministral-3-3B-Base,ame_bre_0924,BrE,libelling,35.953865,2.905369,final
Ministral-3-3B-Base,ame_bre_1589,AmE,subsidizing,37.00647,2.349536,final
Ministral-3-3B-Base,ame_bre_1589,BrE,subsidising,36.709736,2.656237,final
Ministral-3-3B-Base,ame_bre_0583,AmE,familiarization,-24.574907,-5.060785,final
Ministral-3-3B-Base,ame_bre_0583,BrE,familiarisation,-24.488628,-4.816817,final
Ministral-3-3B-Base,ame_bre_0599,AmE,favorites,-14.024048,35.407791,final
Ministral-3-3B-Base,ame_bre_0599,BrE,favourites,-12.201769,36.224777,final
Ministral-3-3B-Base,ame_bre_1346,AmE,radicalizing,-10.615929,-7.503466,final
Ministral-3-3B-Base,ame_bre_1346,BrE,radicalising,-10.273417,-7.201446,final
Ministral-3-3B-Base,ame_bre_0029,AmE,amortizations,-7.595068,-6.087065,final
Ministral-3-3B-Base,ame_bre_0029,BrE,amortisations,-8.178018,-6.376574,final
Ministral-3-3B-Base,ame_bre_0157,AmE,brutalize,-5.811178,-8.891682,final
Ministral-3-3B-Base,ame_bre_0157,BrE,brutalise,-6.206541,-7.436905,final
Ministral-3-3B-Base,ame_bre_1086,AmE,monopolization,-11.32431,-8.090728,final
Ministral-3-3B-Base,ame_bre_1086,BrE,monopolisation,-10.799452,-7.786283,final
Ministral-3-3B-Base,ame_bre_1225,AmE,pediatricians,-8.596611,-4.954358,final
Ministral-3-3B-Base,ame_bre_1225,BrE,paediatricians,-7.177172,-4.000394,final
Ministral-3-3B-Base,ame_bre_0610,AmE,fertilized,-19.505865,-6.97773,final
Ministral-3-3B-Base,ame_bre_0610,BrE,fertilised,-20.202501,-6.506375,final
Ministral-3-3B-Base,ame_bre_0602,AmE,fecal,39.291119,3.967604,final
Ministral-3-3B-Base,ame_bre_0602,BrE,faecal,35.847729,3.236094,final
Ministral-3-3B-Base,ame_bre_1309,AmE,professionalizing,-11.716211,-6.108003,final
Ministral-3-3B-Base,ame_bre_1309,BrE,professionalising,-11.41815,-5.459833,final
Ministral-3-3B-Base,ame_bre_0911,AmE,legalized,-2.095117,-20.332796,final
Ministral-3-3B-Base,ame_bre_0911,BrE,legalised,-1.987229,-20.240648,final
Ministral-3-3B-Base,ame_bre_0133,AmE,belaboring,-12.768783,-7.713246,final
Ministral-3-3B-Base,ame_bre_0133,BrE,belabouring,-10.968764,-7.577332,final
Ministral-3-3B-Base,ame_bre_1129,AmE,normalizes,-14.226326,-2.425244,final
Ministral-3-3B-Base,ame_bre_1129,BrE,normalises,-10.506491,-3.237191,final
Ministral-3-3B-Base,ame_bre_1038,AmE,minimize,-14.312853,34.463432,final
Ministral-3-3B-Base,ame_bre_1038,BrE,minimise,-12.727109,32.782177,final
Ministral-3-3B-Base,ame_bre_0967,AmE,maneuverability,-14.452477,33.99004,final
Ministral-3-3B-Base,ame_bre_0967,BrE,manoeuvrability,-10.958586,28.133699,final
Ministral-3-3B-Base,ame_bre_0543,AmE,equalizing,43.361687,4.26299,final
Ministral-3-3B-Base,ame_bre_0543,BrE,equalising,42.512928,4.000853,final
Ministral-3-3B-Base,ame_bre_1664,AmE,tires,39.673962,4.594595,final
Ministral-3-3B-Base,ame_bre_1664,BrE,tyres,38.8661,4.223126,final
Ministral-3-3B-Base,ame_bre_0625,AmE,fictionalize,-7.14172,-4.90735,final
Ministral-3-3B-Base,ame_bre_0625,BrE,fictionalise,-7.276881,-4.083126,final
Ministral-3-3B-Base,ame_bre_1466,AmE,sensationalizes,41.438015,1.259956,final
Ministral-3-3B-Base,ame_bre_1466,BrE,sensationalises,40.689289,1.748632,final
Ministral-3-3B-Base,ame_bre_1788,AmE,westernizes,42.472294,3.503635,final
Ministral-3-3B-Base,ame_bre_1788,BrE,westernises,41.899849,3.399926,final
Ministral-3-3B-Base,ame_bre_1200,AmE,passivizes,-17.38026,-4.038181,final
Ministral-3-3B-Base,ame_bre_1200,BrE,passivises,-17.784794,-4.508654,final
Ministral-3-3B-Base,ame_bre_0887,AmE,jeopardize,-16.468969,-7.743633,final
Ministral-3-3B-Base,ame_bre_0887,BrE,jeopardise,-15.440774,-7.800066,final
Ministral-3-3B-Base,ame_bre_0504,AmE,emphasizing,40.2542,5.307529,final
Ministral-3-3B-Base,ame_bre_0504,BrE,emphasising,38.914162,3.302609,final
Ministral-3-3B-Base,ame_bre_0479,AmE,dramatizes,-6.955985,-6.982992,final
Ministral-3-3B-Base,ame_bre_0479,BrE,dramatises,-6.981264,-6.28357,final
Ministral-3-3B-Base,ame_bre_0045,AmE,anesthetic,-11.054159,-7.06944,final
Ministral-3-3B-Base,ame_bre_0045,BrE,anaesthetic,-8.498511,-6.711635,final
Ministral-3-3B-Base,ame_bre_1262,AmE,polarization,-23.744991,-5.558944,final
Ministral-3-3B-Base,ame_bre_1262,BrE,polarisation,-22.165211,-3.194229,final
Ministral-3-3B-Base,ame_bre_1545,AmE,spiraled,-9.959221,-5.7974,final
Ministral-3-3B-Base,ame_bre_1545,BrE,spiralled,-8.963042,-6.292072,final
Ministral-3-3B-Base,ame_bre_1289,AmE,pressurizes,-19.558174,-5.392387,final
Ministral-3-3B-Base,ame_bre_1289,BrE,pressurises,-20.070129,-5.150041,final
Ministral-3-3B-Base,ame_bre_0338,AmE,criminalizes,2.879899,-21.797487,final
Ministral-3-3B-Base,ame_bre_0338,BrE,criminalises,4.173486,-21.656086,final
Ministral-3-3B-Base,ame_bre_0406,AmE,denationalized,-0.190253,-18.854658,final
Ministral-3-3B-Base,ame_bre_0406,BrE,denationalised,-0.215485,-18.802563,final
Ministral-3-3B-Base,ame_bre_0825,AmE,impaneling,38.92577,2.887703,final
Ministral-3-3B-Base,ame_bre_0825,BrE,impanelling,35.207726,2.722594,final
Ministral-3-3B-Base,ame_bre_0693,AmE,generalizes,43.704769,4.283822,final
Ministral-3-3B-Base,ame_bre_0693,BrE,generalises,43.408466,4.410616,final
Ministral-3-3B-Base,ame_bre_0346,AmE,crystallization,39.61488,3.716869,final
Ministral-3-3B-Base,ame_bre_0346,BrE,crystallisation,36.782505,2.260499,final
Ministral-3-3B-Base,ame_bre_0729,AmE,grueling,1.577451,-20.928028,final
Ministral-3-3B-Base,ame_bre_0729,BrE,gruelling,1.411379,-21.421486,final
Ministral-3-3B-Base,ame_bre_1165,AmE,overemphasized,39.188118,2.795631,final
Ministral-3-3B-Base,ame_bre_1165,BrE,overemphasised,38.63121,2.941144,final
Ministral-3-3B-Base,ame_bre_0946,AmE,liquidizes,43.222855,3.606484,final
Ministral-3-3B-Base,ame_bre_0946,BrE,liquidises,42.503265,4.063073,final
Ministral-3-3B-Base,ame_bre_1055,AmE,modelers,-23.698696,-3.526325,final
Ministral-3-3B-Base,ame_bre_1055,BrE,modellers,-22.701406,-3.805728,final
Ministral-3-3B-Base,ame_bre_0799,AmE,idealization,-9.907433,-6.448876,final
Ministral-3-3B-Base,ame_bre_0799,BrE,idealisation,-9.672687,-5.946741,final
Ministral-3-3B-Base,ame_bre_1590,AmE,succor,-10.081011,30.024395,final
Ministral-3-3B-Base,ame_bre_1590,BrE,succour,-9.609158,30.810062,final
Ministral-3-3B-Base,ame_bre_1132,AmE,odor,40.002132,4.430277,final
Ministral-3-3B-Base,ame_bre_1132,BrE,odour,38.19146,4.344658,final
Ministral-3-3B-Base,ame_bre_1428,AmE,saber,43.250519,4.761049,final
Ministral-3-3B-Base,ame_bre_1428,BrE,sabre,37.325676,1.830146,final
Ministral-3-3B-Base,ame_bre_1040,AmE,minimizes,-10.147738,-5.569415,final
Ministral-3-3B-Base,ame_bre_1040,BrE,minimises,-8.181728,-3.885395,final
Ministral-3-3B-Base,ame_bre_0979,AmE,marshaled,4.408871,-19.682074,final
Ministral-3-3B-Base,ame_bre_0979,BrE,marshalled,4.612278,-19.728239,final
Ministral-3-3B-Base,ame_bre_0305,AmE,computerizes,-6.964876,-4.862216,final
Ministral-3-3B-Base,ame_bre_0305,BrE,computerises,-6.779794,-4.528944,final
Ministral-3-3B-Base,ame_bre_1170,AmE,oxidize,37.9799,3.135665,final
Ministral-3-3B-Base,ame_bre_1170,BrE,oxidise,37.509907,3.629628,final
Ministral-3-3B-Base,ame_bre_1443,AmE,savories,-12.126056,31.287731,final
Ministral-3-3B-Base,ame_bre_1443,BrE,savouries,-10.22422,28.609486,final
Ministral-3-3B-Base,ame_bre_0996,AmE,mechanization,-9.527787,-7.609819,final
Ministral-3-3B-Base,ame_bre_0996,BrE,mechanisation,-9.395617,-6.975705,final
Ministral-3-3B-Base,ame_bre_0084,AmE,ardor,-17.009941,-7.646256,final
Ministral-3-3B-Base,ame_bre_0084,BrE,ardour,-20.262077,-6.944613,final
Ministral-3-3B-Base,ame_bre_1382,AmE,regularization,-22.994467,-2.181072,final
Ministral-3-3B-Base,ame_bre_1382,BrE,regularisation,-22.728018,-4.059777,final
Ministral-3-3B-Base,ame_bre_0088,AmE,armorers,-13.70963,35.704109,final
Ministral-3-3B-Base,ame_bre_0088,BrE,armourers,-13.293884,35.239708,final
Ministral-3-3B-Base,ame_bre_0135,AmE,beveled,-12.365481,33.798508,final
Ministral-3-3B-Base,ame_bre_0135,BrE,bevelled,-11.518075,34.062775,final
Ministral-3-3B-Base,ame_bre_1477,AmE,sepulchers,5.606608,-18.310017,final
Ministral-3-3B-Base,ame_bre_1477,BrE,sepulchres,7.022611,-16.422913,final
Ministral-3-3B-Base,ame_bre_0914,AmE,legitimize,-17.999863,-8.913281,final
Ministral-3-3B-Base,ame_bre_0914,BrE,legitimise,-17.813293,-8.627756,final
Ministral-3-3B-Base,ame_bre_1764,AmE,visualize,42.396023,3.32427,final
Ministral-3-3B-Base,ame_bre_1764,BrE,visualise,43.378498,3.541496,final
Ministral-3-3B-Base,ame_bre_1634,AmE,systematizing,-1.450671,-21.0797,final
Ministral-3-3B-Base,ame_bre_1634,BrE,systematising,-1.317847,-20.931694,final
Ministral-3-3B-Base,ame_bre_1722,AmE,unrivaled,-10.573978,31.278168,final
Ministral-3-3B-Base,ame_bre_1722,BrE,unrivalled,-10.424308,30.500183,final
Ministral-3-3B-Base,ame_bre_1374,AmE,recognizes,-22.455505,-6.865025,final
Ministral-3-3B-Base,ame_bre_1374,BrE,recognises,-19.840189,-6.759774,final
Ministral-3-3B-Base,ame_bre_1242,AmE,philosophize,-15.675809,-9.565778,final
Ministral-3-3B-Base,ame_bre_1242,BrE,philosophise,-16.269516,-9.459641,final
Ministral-3-3B-Base,ame_bre_1305,AmE,professionalization,-10.843462,-6.313627,final
Ministral-3-3B-Base,ame_bre_1305,BrE,professionalisation,-10.668746,-5.786702,final
Ministral-3-3B-Base,ame_bre_0381,AmE,demilitarize,-16.254217,-7.901,final
Ministral-3-3B-Base,ame_bre_0381,BrE,demilitarise,-16.37974,-7.814866,final
Ministral-3-3B-Instruct,ame_bre_0400,AmE,demoralize,-8.879203,-29.958527,final
Ministral-3-3B-Instruct,ame_bre_0400,BrE,demoralise,-8.14066,-28.903858,final
Ministral-3-3B-Instruct,ame_bre_1400,AmE,reveler,9.36924,12.104614,final
Ministral-3-3B-Instruct,ame_bre_1400,BrE,reveller,8.478313,12.396441,final
Ministral-3-3B-Instruct,ame_bre_1292,AmE,pretenses,-11.498861,-32.774994,final
Ministral-3-3B-Instruct,ame_bre_1292,BrE,pretences,-10.29563,-31.389877,final
Ministral-3-3B-Instruct,ame_bre_0447,AmE,disemboweling,-39.212635,21.406412,final
Ministral-3-3B-Instruct,ame_bre_0447,BrE,disembowelling,-39.242077,21.360088,final
Ministral-3-3B-Instruct,ame_bre_1778,AmE,vulgarizes,-6.521535,-30.359428,final
Ministral-3-3B-Instruct,ame_bre_1778,BrE,vulgarises,-5.815657,-30.393427,final
Ministral-3-3B-Instruct,ame_bre_1325,AmE,psychoanalyze,-36.477161,19.338346,final
Ministral-3-3B-Instruct,ame_bre_1325,BrE,psychoanalyse,-40.713303,21.899952,final
Ministral-3-3B-Instruct,ame_bre_1692,AmE,trivialize,-42.425911,17.221775,final
Ministral-3-3B-Instruct,ame_bre_1692,BrE,trivialise,-42.592499,21.580778,final
Ministral-3-3B-Instruct,ame_bre_1216,AmE,pederast,-40.485626,20.072153,final
Ministral-3-3B-Instruct,ame_bre_1216,BrE,paederast,-39.826283,20.534164,final
Ministral-3-3B-Instruct,ame_bre_0440,AmE,digitizes,28.153471,3.082751,final
Ministral-3-3B-Instruct,ame_bre_0440,BrE,digitises,28.388096,4.134929,final
Ministral-3-3B-Instruct,ame_bre_1192,AmE,parlors,18.390265,5.848867,final
Ministral-3-3B-Instruct,ame_bre_1192,BrE,parlours,19.637823,6.507268,final
Ministral-3-3B-Instruct,ame_bre_1504,AmE,siphoning,23.094006,3.905255,final
Ministral-3-3B-Instruct,ame_bre_1504,BrE,syphoning,23.108162,3.610451,final
Ministral-3-3B-Instruct,ame_bre_1011,AmE,mesmerized,8.46761,11.242006,final
Ministral-3-3B-Instruct,ame_bre_1011,BrE,mesmerised,8.45248,11.760782,final
Ministral-3-3B-Instruct,ame_bre_0738,AmE,harboring,9.925549,14.522387,final
Ministral-3-3B-Instruct,ame_bre_0738,BrE,harbouring,10.614092,15.547852,final
Ministral-3-3B-Instruct,ame_bre_1654,AmE,theater,29.318623,6.571836,final
Ministral-3-3B-Instruct,ame_bre_1654,BrE,theatre,29.841557,7.700743,final
Ministral-3-3B-Instruct,ame_bre_0969,AmE,maneuvered,31.810156,4.681984,final
Ministral-3-3B-Instruct,ame_bre_0969,BrE,manoeuvred,24.792418,4.466277,final
Ministral-3-3B-Instruct,ame_bre_0748,AmE,hematology,-15.329041,-31.773378,final
Ministral-3-3B-Instruct,ame_bre_0748,BrE,haematology,-12.315498,-28.475187,final
Ministral-3-3B-Instruct,ame_bre_0578,AmE,factorize,-15.080519,-36.583679,final
Ministral-3-3B-Instruct,ame_bre_0578,BrE,factorise,-13.325989,-34.573883,final
Ministral-3-3B-Instruct,ame_bre_0945,AmE,liquidizers,7.627776,13.250087,final
Ministral-3-3B-Instruct,ame_bre_0945,BrE,liquidisers,7.659229,14.065751,final
Ministral-3-3B-Instruct,ame_bre_1324,AmE,proselytizing,16.437115,2.140597,final
Ministral-3-3B-Instruct,ame_bre_1324,BrE,proselytising,17.26767,2.435958,final
Ministral-3-3B-Instruct,ame_bre_1181,AmE,paneling,29.083904,3.532948,final
Ministral-3-3B-Instruct,ame_bre_1181,BrE,panelling,26.093559,6.210501,final
Ministral-3-3B-Instruct,ame_bre_0075,AmE,appetizingly,17.590473,7.893846,final
Ministral-3-3B-Instruct,ame_bre_0075,BrE,appetisingly,17.94025,8.107082,final
Ministral-3-3B-Instruct,ame_bre_1718,AmE,unraveled,-11.064054,-28.75271,final
Ministral-3-3B-Instruct,ame_bre_1718,BrE,unravelled,-10.046559,-30.596689,final
Ministral-3-3B-Instruct,ame_bre_1192,AmE,parlors,6.807647,10.959234,final
Ministral-3-3B-Instruct,ame_bre_1192,BrE,parlours,6.760743,11.489452,final
Ministral-3-3B-Instruct,ame_bre_1761,AmE,vigor,17.080877,6.321116,final
Ministral-3-3B-Instruct,ame_bre_1761,BrE,vigour,17.244596,5.06515,final
Ministral-3-3B-Instruct,ame_bre_1603,AmE,summarizing,-16.950405,-33.927479,final
Ministral-3-3B-Instruct,ame_bre_1603,BrE,summarising,-16.233227,-33.457878,final
Ministral-3-3B-Instruct,ame_bre_1341,AmE,quarreled,19.426001,3.572595,final
Ministral-3-3B-Instruct,ame_bre_1341,BrE,quarrelled,22.156748,4.941206,final
Ministral-3-3B-Instruct,ame_bre_0287,AmE,colorfully,-48.835083,25.920416,final
Ministral-3-3B-Instruct,ame_bre_0287,BrE,colourfully,-47.978176,26.601721,final
Ministral-3-3B-Instruct,ame_bre_0236,AmE,cesarean,-13.9318,-30.343172,final
Ministral-3-3B-Instruct,ame_bre_0236,BrE,caesarean,-12.793674,-28.427357,final
Ministral-3-3B-Instruct,ame_bre_1546,AmE,spiraling,5.205844,12.604669,final
Ministral-3-3B-Instruct,ame_bre_1546,BrE,spiralling,6.86556,13.553321,final
Ministral-3-3B-Instruct,ame_bre_0639,AmE,finalizing,9.640513,13.29143,final
Ministral-3-3B-Instruct,ame_bre_0639,BrE,finalising,9.671993,14.342306,final
Ministral-3-3B-Instruct,ame_bre_1345,AmE,radicalizes,20.73102,4.450387,final
Ministral-3-3B-Instruct,ame_bre_1345,BrE,radicalises,22.015759,5.210585,final
Ministral-3-3B-Instruct,ame_bre_0041,AmE,analyzing,-49.625015,23.471422,final
Ministral-3-3B-Instruct,ame_bre_0041,BrE,analysing,-48.157547,24.120686,final
Ministral-3-3B-Instruct,ame_bre_0008,AmE,acclimatizes,24.617081,3.25537,final
Ministral-3-3B-Instruct,ame_bre_0008,BrE,acclimatises,24.52623,4.301407,final
Ministral-3-3B-Instruct,ame_bre_1167,AmE,overemphasizing,-11.886096,-28.561798,final
Ministral-3-3B-Instruct,ame_bre_1167,BrE,overemphasising,-11.161943,-28.080135,final
Ministral-3-3B-Instruct,ame_bre_0785,AmE,humorless,30.616713,5.224481,final
Ministral-3-3B-Instruct,ame_bre_0785,BrE,humourless,31.820957,6.188643,final
Ministral-3-3B-Instruct,ame_bre_0196,AmE,carbonized,1.856814,15.224709,final
Ministral-3-3B-Instruct,ame_bre_0196,BrE,carbonised,2.770066,15.179745,final
Ministral-3-3B-Instruct,ame_bre_0755,AmE,hemorrhages,6.577897,11.727593,final
Ministral-3-3B-Instruct,ame_bre_0755,BrE,haemorrhages,5.919451,10.775332,final
Ministral-3-3B-Instruct,ame_bre_1348,AmE,rancor,-9.015491,-30.431507,final
Ministral-3-3B-Instruct,ame_bre_1348,BrE,rancour,-8.691107,-30.071133,final
Ministral-3-3B-Instruct,ame_bre_0237,AmE,cesareans,15.057752,1.057849,final
Ministral-3-3B-Instruct,ame_bre_0237,BrE,caesareans,13.582319,0.641641,final
Ministral-3-3B-Instruct,ame_bre_0907,AmE,labors,-46.233345,23.11821,final
Ministral-3-3B-Instruct,ame_bre_0907,BrE,labours,-46.644421,23.893131,final
Ministral-3-3B-Instruct,ame_bre_1044,AmE,misdemeanors,-9.063796,-25.91955,final
Ministral-3-3B-Instruct,ame_bre_1044,BrE,misdemeanours,-7.724607,-24.894632,final
Ministral-3-3B-Instruct,ame_bre_0094,AmE,authorize,8.223475,12.339919,final
Ministral-3-3B-Instruct,ame_bre_0094,BrE,authorise,9.158957,12.773417,final
Ministral-3-3B-Instruct,ame_bre_1222,AmE,pedestrianizing,29.220167,3.769233,final
Ministral-3-3B-Instruct,ame_bre_1222,BrE,pedestrianising,29.045357,4.404272,final
Ministral-3-3B-Instruct,ame_bre_0565,AmE,exorcizing,-10.80427,-28.276894,final
Ministral-3-3B-Instruct,ame_bre_0565,BrE,exorcising,-10.920727,-28.503651,final
Ministral-3-3B-Instruct,ame_bre_0691,AmE,generalize,16.614239,2.334793,final
Ministral-3-3B-Instruct,ame_bre_0691,BrE,generalise,20.551155,4.572613,final
Ministral-3-3B-Instruct,ame_bre_0533,AmE,epitomized,14.58929,5.331697,final
Ministral-3-3B-Instruct,ame_bre_0533,BrE,epitomised,14.878987,5.483133,final
Ministral-3-3B-Instruct,ame_bre_1687,AmE,travelogs,-44.103321,21.278128,final
Ministral-3-3B-Instruct,ame_bre_1687,BrE,travelogues,-40.519379,21.305546,final
Ministral-3-3B-Instruct,ame_bre_1705,AmE,tyrannizing,18.768616,4.325878,final
Ministral-3-3B-Instruct,ame_bre_1705,BrE,tyrannising,18.952097,4.7776,final
Ministral-3-3B-Instruct,ame_bre_0116,AmE,bastardizes,-6.912894,-32.451973,final
Ministral-3-3B-Instruct,ame_bre_0116,BrE,bastardises,-5.741203,-31.695078,final
Ministral-3-3B-Instruct,ame_bre_1416,AmE,rigors,-47.645149,23.207603,final
Ministral-3-3B-Instruct,ame_bre_1416,BrE,rigours,-46.714542,24.071157,final
Ministral-3-3B-Instruct,ame_bre_1096,AmE,motorized,6.521866,13.3651,final
Ministral-3-3B-Instruct,ame_bre_1096,BrE,motorised,7.163337,13.902598,final
Ministral-3-3B-Instruct,ame_bre_0898,AmE,kilometer,-48.915829,24.791748,final
Ministral-3-3B-Instruct,ame_bre_0898,BrE,kilometre,-44.47385,22.975594,final
Ministral-3-3B-Instruct,ame_bre_0767,AmE,honorable,-42.631371,24.06275,final
Ministral-3-3B-Instruct,ame_bre_0767,BrE,honourable,-41.792988,25.469793,final
Ministral-3-3B-Instruct,ame_bre_1557,AmE,stabilizing,-21.661505,-30.085337,final
Ministral-3-3B-Instruct,ame_bre_1557,BrE,stabilising,-18.800926,-27.736917,final
Ministral-3-3B-Instruct,ame_bre_1497,AmE,signaling,-18.759699,-34.75602,final
Ministral-3-3B-Instruct,ame_bre_1497,BrE,signalling,-18.076168,-33.702564,final
Ministral-3-3B-Instruct,ame_bre_1656,AmE,theatergoers,11.013431,11.683581,final
Ministral-3-3B-Instruct,ame_bre_1656,BrE,theatregoers,11.766738,12.74244,final
Ministral-3-3B-Instruct,ame_bre_0907,AmE,labors,-13.853879,-32.004662,final
Ministral-3-3B-Instruct,ame_bre_0907,BrE,labours,-13.421512,-32.001606,final
Ministral-3-3B-Instruct,ame_bre_1783,AmE,weaseled,-6.666713,-30.622086,final
Ministral-3-3B-Instruct,ame_bre_1783,BrE,weaselled,-7.138077,-28.552753,final
Ministral-3-3B-Instruct,ame_bre_0924,AmE,libeling,24.745461,3.37496,final
Ministral-3-3B-Instruct,ame_bre_0924,BrE,libelling,25.23901,4.207327,final
Ministral-3-3B-Instruct,ame_bre_1589,AmE,subsidizing,25.277023,2.921612,final
Ministral-3-3B-Instruct,ame_bre_1589,BrE,subsidising,25.472063,3.709304,final
Ministral-3-3B-Instruct,ame_bre_0583,AmE,familiarization,-12.488464,-34.716019,final
Ministral-3-3B-Instruct,ame_bre_0583,BrE,familiarisation,-12.299337,-34.132332,final
Ministral-3-3B-Instruct,ame_bre_0599,AmE,favorites,-49.647568,19.463184,final
Ministral-3-3B-Instruct,ame_bre_0599,BrE,favourites,-46.209469,21.197193,final
Ministral-3-3B-Instruct,ame_bre_1346,AmE,radicalizing,11.169598,14.161199,final
Ministral-3-3B-Instruct,ame_bre_1346,BrE,radicalising,10.798595,12.94916,final
Ministral-3-3B-Instruct,ame_bre_0029,AmE,amortizations,5.665969,8.188411,final
Ministral-3-3B-Instruct,ame_bre_0029,BrE,amortisations,5.900682,9.212252,final
Ministral-3-3B-Instruct,ame_bre_0157,AmE,brutalize,11.843003,12.698051,final
Ministral-3-3B-Instruct,ame_bre_0157,BrE,brutalise,11.588012,13.7774,final
Ministral-3-3B-Instruct,ame_bre_1086,AmE,monopolization,6.60031,8.596394,final
Ministral-3-3B-Instruct,ame_bre_1086,BrE,monopolisation,7.603118,9.727043,final
Ministral-3-3B-Instruct,ame_bre_1225,AmE,pediatricians,7.961991,12.265835,final
Ministral-3-3B-Instruct,ame_bre_1225,BrE,paediatricians,8.170019,12.487624,final
Ministral-3-3B-Instruct,ame_bre_0610,AmE,fertilized,-15.117964,-28.108944,final
Ministral-3-3B-Instruct,ame_bre_0610,BrE,fertilised,-14.258114,-27.293669,final
Ministral-3-3B-Instruct,ame_bre_0602,AmE,fecal,24.921516,5.943783,final
Ministral-3-3B-Instruct,ame_bre_0602,BrE,faecal,22.764549,5.0328,final
Ministral-3-3B-Instruct,ame_bre_1309,AmE,professionalizing,9.550718,13.617317,final
Ministral-3-3B-Instruct,ame_bre_1309,BrE,professionalising,9.96653,13.089103,final
Ministral-3-3B-Instruct,ame_bre_0911,AmE,legalized,16.913765,6.271765,final
Ministral-3-3B-Instruct,ame_bre_0911,BrE,legalised,17.6259,5.722148,final
Ministral-3-3B-Instruct,ame_bre_0133,AmE,belaboring,-7.066275,-28.928177,final
Ministral-3-3B-Instruct,ame_bre_0133,BrE,belabouring,-5.429709,-26.694996,final
Ministral-3-3B-Instruct,ame_bre_1129,AmE,normalizes,5.725684,9.854659,final
Ministral-3-3B-Instruct,ame_bre_1129,BrE,normalises,8.523981,12.568526,final
Ministral-3-3B-Instruct,ame_bre_1038,AmE,minimize,-50.081989,19.614294,final
Ministral-3-3B-Instruct,ame_bre_1038,BrE,minimise,-46.502701,19.403414,final
Ministral-3-3B-Instruct,ame_bre_0967,AmE,maneuverability,-47.762127,20.886057,final
Ministral-3-3B-Instruct,ame_bre_0967,BrE,manoeuvrability,-39.107471,17.673828,final
Ministral-3-3B-Instruct,ame_bre_0543,AmE,equalizing,29.031574,3.632638,final
Ministral-3-3B-Instruct,ame_bre_0543,BrE,equalising,29.072525,4.00996,final
Ministral-3-3B-Instruct,ame_bre_1664,AmE,tires,25.266895,6.452425,final
Ministral-3-3B-Instruct,ame_bre_1664,BrE,tyres,25.013111,7.573475,final
Ministral-3-3B-Instruct,ame_bre_0625,AmE,fictionalize,10.233074,12.757944,final
Ministral-3-3B-Instruct,ame_bre_0625,BrE,fictionalise,10.159547,13.668836,final
Ministral-3-3B-Instruct,ame_bre_1466,AmE,sensationalizes,28.655676,2.517015,final
Ministral-3-3B-Instruct,ame_bre_1466,BrE,sensationalises,28.875015,3.846061,final
Ministral-3-3B-Instruct,ame_bre_1788,AmE,westernizes,30.914568,6.228759,final
Ministral-3-3B-Instruct,ame_bre_1788,BrE,westernises,31.025261,6.806596,final
Ministral-3-3B-Instruct,ame_bre_1200,AmE,passivizes,-9.800506,-31.780005,final
Ministral-3-3B-Instruct,ame_bre_1200,BrE,passivises,-9.593938,-31.546993,final
Ministral-3-3B-Instruct,ame_bre_0887,AmE,jeopardize,-9.427888,-33.323204,final
Ministral-3-3B-Instruct,ame_bre_0887,BrE,jeopardise,-8.415078,-32.38826,final
Ministral-3-3B-Instruct,ame_bre_0504,AmE,emphasizing,28.108463,6.50084,final
Ministral-3-3B-Instruct,ame_bre_0504,BrE,emphasising,27.580288,4.580531,final
Ministral-3-3B-Instruct,ame_bre_0479,AmE,dramatizes,9.414553,11.532213,final
Ministral-3-3B-Instruct,ame_bre_0479,BrE,dramatises,9.439063,11.960135,final
Ministral-3-3B-Instruct,ame_bre_0045,AmE,anesthetic,6.043536,12.986943,final
Ministral-3-3B-Instruct,ame_bre_0045,BrE,anaesthetic,6.42982,13.143723,final
Ministral-3-3B-Instruct,ame_bre_1262,AmE,polarization,-16.121872,-33.872299,final
Ministral-3-3B-Instruct,ame_bre_1262,BrE,polarisation,-16.387609,-29.985092,final
Ministral-3-3B-Instruct,ame_bre_1545,AmE,spiraled,5.094203,12.555263,final
Ministral-3-3B-Instruct,ame_bre_1545,BrE,spiralled,6.314214,13.185181,final
Ministral-3-3B-Instruct,ame_bre_1289,AmE,pressurizes,-16.002724,-31.544979,final
Ministral-3-3B-Instruct,ame_bre_1289,BrE,pressurises,-14.494119,-31.267483,final
Ministral-3-3B-Instruct,ame_bre_0338,AmE,criminalizes,20.70747,2.706974,final
Ministral-3-3B-Instruct,ame_bre_0338,BrE,criminalises,22.774658,2.834403,final
Ministral-3-3B-Instruct,ame_bre_0406,AmE,denationalized,16.807611,3.247013,final
Ministral-3-3B-Instruct,ame_bre_0406,BrE,denationalised,16.56053,3.199415,final
Ministral-3-3B-Instruct,ame_bre_0825,AmE,impaneling,24.850529,2.138885,final
Ministral-3-3B-Instruct,ame_bre_0825,BrE,impanelling,23.238272,3.284573,final
Ministral-3-3B-Instruct,ame_bre_0693,AmE,generalizes,29.179689,2.928518,final
Ministral-3-3B-Instruct,ame_bre_0693,BrE,generalises,29.76738,4.013453,final
Ministral-3-3B-Instruct,ame_bre_0346,AmE,crystallization,25.809341,5.349798,final
Ministral-3-3B-Instruct,ame_bre_0346,BrE,crystallisation,24.313026,4.595055,final
Ministral-3-3B-Instruct,ame_bre_0729,AmE,grueling,17.621431,4.685515,final
Ministral-3-3B-Instruct,ame_bre_0729,BrE,gruelling,17.91802,5.069964,final
Ministral-3-3B-Instruct,ame_bre_1165,AmE,overemphasized,24.639254,2.757918,final
Ministral-3-3B-Instruct,ame_bre_1165,BrE,overemphasised,24.675802,3.321378,final
Ministral-3-3B-Instruct,ame_bre_0946,AmE,liquidizes,26.9879,5.18699,final
Ministral-3-3B-Instruct,ame_bre_0946,BrE,liquidises,27.679716,5.940514,final
Ministral-3-3B-Instruct,ame_bre_1055,AmE,modelers,-15.879255,-37.283897,final
Ministral-3-3B-Instruct,ame_bre_1055,BrE,modellers,-13.712241,-33.602268,final
Ministral-3-3B-Instruct,ame_bre_0799,AmE,idealization,9.880771,12.420082,final
Ministral-3-3B-Instruct,ame_bre_0799,BrE,idealisation,9.777475,12.916471,final
Ministral-3-3B-Instruct,ame_bre_1590,AmE,succor,-44.304535,22.602665,final
Ministral-3-3B-Instruct,ame_bre_1590,BrE,succour,-41.856548,23.331995,final
Ministral-3-3B-Instruct,ame_bre_1132,AmE,odor,25.907495,5.896122,final
Ministral-3-3B-Instruct,ame_bre_1132,BrE,odour,25.57259,6.383373,final
Ministral-3-3B-Instruct,ame_bre_1428,AmE,saber,29.645201,6.763973,final
Ministral-3-3B-Instruct,ame_bre_1428,BrE,sabre,24.924828,6.297019,final
Ministral-3-3B-Instruct,ame_bre_1040,AmE,minimizes,7.302547,11.951024,final
Ministral-3-3B-Instruct,ame_bre_1040,BrE,minimises,8.533194,12.074642,final
Ministral-3-3B-Instruct,ame_bre_0979,AmE,marshaled,18.395569,1.786651,final
Ministral-3-3B-Instruct,ame_bre_0979,BrE,marshalled,18.122786,1.120028,final
Ministral-3-3B-Instruct,ame_bre_0305,AmE,computerizes,10.105841,12.340755,final
Ministral-3-3B-Instruct,ame_bre_0305,BrE,computerises,10.386319,13.240236,final
Ministral-3-3B-Instruct,ame_bre_1170,AmE,oxidize,22.342484,4.998744,final
Ministral-3-3B-Instruct,ame_bre_1170,BrE,oxidise,22.830498,5.782413,final
Ministral-3-3B-Instruct,ame_bre_1443,AmE,savories,-44.734253,22.99988,final
Ministral-3-3B-Instruct,ame_bre_1443,BrE,savouries,-41.733791,20.783018,final
Ministral-3-3B-Instruct,ame_bre_0996,AmE,mechanization,7.405942,12.444423,final
Ministral-3-3B-Instruct,ame_bre_0996,BrE,mechanisation,7.493943,12.848216,final
Ministral-3-3B-Instruct,ame_bre_0084,AmE,ardor,-10.233099,-31.259602,final
Ministral-3-3B-Instruct,ame_bre_0084,BrE,ardour,-10.877399,-31.613945,final
Ministral-3-3B-Instruct,ame_bre_1382,AmE,regularization,-16.215351,-33.018101,final
Ministral-3-3B-Instruct,ame_bre_1382,BrE,regularisation,-15.342402,-32.52631,final
Ministral-3-3B-Instruct,ame_bre_0088,AmE,armorers,-47.251057,24.953518,final
Ministral-3-3B-Instruct,ame_bre_0088,BrE,armourers,-46.267277,25.363321,final
Ministral-3-3B-Instruct,ame_bre_0135,AmE,beveled,-49.045712,25.162672,final
Ministral-3-3B-Instruct,ame_bre_0135,BrE,bevelled,-45.30962,23.333315,final
Ministral-3-3B-Instruct,ame_bre_1477,AmE,sepulchers,16.32423,3.63335,final
Ministral-3-3B-Instruct,ame_bre_1477,BrE,sepulchres,15.37085,2.930266,final
Ministral-3-3B-Instruct,ame_bre_0914,AmE,legitimize,-10.308448,-33.145164,final
Ministral-3-3B-Instruct,ame_bre_0914,BrE,legitimise,-9.706275,-32.458591,final
Ministral-3-3B-Instruct,ame_bre_1764,AmE,visualize,28.501404,4.33015,final
Ministral-3-3B-Instruct,ame_bre_1764,BrE,visualise,29.462749,4.043921,final
Ministral-3-3B-Instruct,ame_bre_1634,AmE,systematizing,14.39772,3.582748,final
Ministral-3-3B-Instruct,ame_bre_1634,BrE,systematising,16.036503,3.871297,final
Ministral-3-3B-Instruct,ame_bre_1722,AmE,unrivaled,-38.872463,20.427158,final
Ministral-3-3B-Instruct,ame_bre_1722,BrE,unrivalled,-38.737831,20.805586,final
Ministral-3-3B-Instruct,ame_bre_1374,AmE,recognizes,-13.812989,-34.697914,final
Ministral-3-3B-Instruct,ame_bre_1374,BrE,recognises,-12.811511,-32.16172,final
Ministral-3-3B-Instruct,ame_bre_1242,AmE,philosophize,-7.862813,-31.940237,final
Ministral-3-3B-Instruct,ame_bre_1242,BrE,philosophise,-7.755102,-31.520794,final
Ministral-3-3B-Instruct,ame_bre_1305,AmE,professionalization,10.089537,11.950697,final
Ministral-3-3B-Instruct,ame_bre_1305,BrE,professionalisation,10.208932,12.525568,final
Ministral-3-3B-Instruct,ame_bre_0381,AmE,demilitarize,-10.493199,-27.85203,final
Ministral-3-3B-Instruct,ame_bre_0381,BrE,demilitarise,-9.104612,-26.613308,final
Llama-3.1-8B-Base,ame_bre_0400,AmE,demoralize,-15.585175,-15.034654,final
Llama-3.1-8B-Base,ame_bre_0400,BrE,demoralise,-15.964923,-15.168575,final
Llama-3.1-8B-Base,ame_bre_1400,AmE,reveler,-0.858775,13.742059,final
Llama-3.1-8B-Base,ame_bre_1400,BrE,reveller,-0.45212,12.98705,final
Llama-3.1-8B-Base,ame_bre_1292,AmE,pretenses,-23.592609,-12.791323,final
Llama-3.1-8B-Base,ame_bre_1292,BrE,pretences,-24.374578,-12.304763,final
Llama-3.1-8B-Base,ame_bre_0447,AmE,disemboweling,-7.156954,3.518499,final
Llama-3.1-8B-Base,ame_bre_0447,BrE,disembowelling,-5.494802,2.539301,final
Llama-3.1-8B-Base,ame_bre_1778,AmE,vulgarizes,-20.97121,-12.881603,final
Llama-3.1-8B-Base,ame_bre_1778,BrE,vulgarises,-21.230818,-13.157074,final
Llama-3.1-8B-Base,ame_bre_1325,AmE,psychoanalyze,-6.462295,-0.681992,final
Llama-3.1-8B-Base,ame_bre_1325,BrE,psychoanalyse,-5.201072,0.008378,final
Llama-3.1-8B-Base,ame_bre_1692,AmE,trivialize,-12.095887,-2.108926,final
Llama-3.1-8B-Base,ame_bre_1692,BrE,trivialise,-9.122396,-3.463289,final
Llama-3.1-8B-Base,ame_bre_1216,AmE,pederast,-8.892318,5.158939,final
Llama-3.1-8B-Base,ame_bre_1216,BrE,paederast,-9.430169,5.166288,final
Llama-3.1-8B-Base,ame_bre_0440,AmE,digitizes,39.223465,-18.70542,final
Llama-3.1-8B-Base,ame_bre_0440,BrE,digitises,38.834103,-18.156382,final
Llama-3.1-8B-Base,ame_bre_1192,AmE,parlors,1.655742,28.74909,final
Llama-3.1-8B-Base,ame_bre_1192,BrE,parlours,1.789236,28.971024,final
Llama-3.1-8B-Base,ame_bre_1504,AmE,siphoning,30.678291,-8.805919,final
Llama-3.1-8B-Base,ame_bre_1504,BrE,syphoning,28.592003,-6.982043,final
Llama-3.1-8B-Base,ame_bre_1011,AmE,mesmerized,2.765383,10.723092,final
Llama-3.1-8B-Base,ame_bre_1011,BrE,mesmerised,2.699118,10.62464,final
Llama-3.1-8B-Base,ame_bre_0738,AmE,harboring,-4.418131,14.811317,final
Llama-3.1-8B-Base,ame_bre_0738,BrE,harbouring,0.805754,10.78154,final
Llama-3.1-8B-Base,ame_bre_1654,AmE,theater,34.883312,-12.542996,final
Llama-3.1-8B-Base,ame_bre_1654,BrE,theatre,35.07354,-12.820405,final
Llama-3.1-8B-Base,ame_bre_0969,AmE,maneuvered,39.424477,-16.786316,final
Llama-3.1-8B-Base,ame_bre_0969,BrE,manoeuvred,30.861444,-10.536527,final
Llama-3.1-8B-Base,ame_bre_0748,AmE,hematology,-21.469398,-17.367172,final
Llama-3.1-8B-Base,ame_bre_0748,BrE,haematology,-20.203403,-13.217728,final
Llama-3.1-8B-Base,ame_bre_0578,AmE,factorize,-20.878839,-22.562279,final
Llama-3.1-8B-Base,ame_bre_0578,BrE,factorise,-18.780184,-22.910259,final
Llama-3.1-8B-Base,ame_bre_0945,AmE,liquidizers,-0.234309,12.224394,final
Llama-3.1-8B-Base,ame_bre_0945,BrE,liquidisers,1.059776,11.887794,final
Llama-3.1-8B-Base,ame_bre_1324,AmE,proselytizing,10.551626,20.135784,final
Llama-3.1-8B-Base,ame_bre_1324,BrE,proselytising,9.112312,21.353306,final
Llama-3.1-8B-Base,ame_bre_1181,AmE,paneling,33.512478,-13.25097,final
Llama-3.1-8B-Base,ame_bre_1181,BrE,panelling,32.295269,-10.210876,final
Llama-3.1-8B-Base,ame_bre_0075,AmE,appetizingly,11.539551,23.641218,final
Llama-3.1-8B-Base,ame_bre_0075,BrE,appetisingly,11.407733,23.980026,final
Llama-3.1-8B-Base,ame_bre_1718,AmE,unraveled,-23.984188,-13.813856,final
Llama-3.1-8B-Base,ame_bre_1718,BrE,unravelled,-22.889538,-16.633785,final
Llama-3.1-8B-Base,ame_bre_1192,AmE,parlors,-0.24425,11.824568,final
Llama-3.1-8B-Base,ame_bre_1192,BrE,parlours,-0.992454,12.274981,final
Llama-3.1-8B-Base,ame_bre_1761,AmE,vigor,2.491492,30.841324,final
Llama-3.1-8B-Base,ame_bre_1761,BrE,vigour,2.926282,28.605341,final
Llama-3.1-8B-Base,ame_bre_1603,AmE,summarizing,-30.609201,-14.24708,final
Llama-3.1-8B-Base,ame_bre_1603,BrE,summarising,-30.270109,-15.137137,final
Llama-3.1-8B-Base,ame_bre_1341,AmE,quarreled,5.526495,26.488543,final
Llama-3.1-8B-Base,ame_bre_1341,BrE,quarrelled,12.254395,20.729555,final
Llama-3.1-8B-Base,ame_bre_0287,AmE,colorfully,-9.296701,-0.427916,final
Llama-3.1-8B-Base,ame_bre_0287,BrE,colourfully,-8.214212,-0.944764,final
Llama-3.1-8B-Base,ame_bre_0236,AmE,cesarean,-21.134516,-8.726898,final
Llama-3.1-8B-Base,ame_bre_0236,BrE,caesarean,-19.164595,-8.192393,final
Llama-3.1-8B-Base,ame_bre_1546,AmE,spiraling,-5.887612,14.999977,final
Llama-3.1-8B-Base,ame_bre_1546,BrE,spiralling,-3.049139,13.583371,final
Llama-3.1-8B-Base,ame_bre_0639,AmE,finalizing,-10.051652,12.099404,final
Llama-3.1-8B-Base,ame_bre_0639,BrE,finalising,-7.214228,9.605009,final
Llama-3.1-8B-Base,ame_bre_1345,AmE,radicalizes,9.371271,25.078619,final
Llama-3.1-8B-Base,ame_bre_1345,BrE,radicalises,9.20055,25.483061,final
Llama-3.1-8B-Base,ame_bre_0041,AmE,analyzing,-13.476271,0.250093,final
Llama-3.1-8B-Base,ame_bre_0041,BrE,analysing,-13.271777,0.99877,final
Llama-3.1-8B-Base,ame_bre_0008,AmE,acclimatizes,30.933758,-9.872373,final
Llama-3.1-8B-Base,ame_bre_0008,BrE,acclimatises,28.131788,-8.238547,final
Llama-3.1-8B-Base,ame_bre_1167,AmE,overemphasizing,-18.466101,-13.449186,final
Llama-3.1-8B-Base,ame_bre_1167,BrE,overemphasising,-17.401337,-14.427166,final
Llama-3.1-8B-Base,ame_bre_0785,AmE,humorless,39.774883,-14.673084,final
Llama-3.1-8B-Base,ame_bre_0785,BrE,humourless,40.464508,-14.989506,final
Llama-3.1-8B-Base,ame_bre_0196,AmE,carbonized,-4.343003,14.083141,final
Llama-3.1-8B-Base,ame_bre_0196,BrE,carbonised,-2.338675,12.197034,final
Llama-3.1-8B-Base,ame_bre_0755,AmE,hemorrhages,3.106176,8.779326,final
Llama-3.1-8B-Base,ame_bre_0755,BrE,haemorrhages,3.23192,9.36669,final
Llama-3.1-8B-Base,ame_bre_1348,AmE,rancor,-21.37096,-9.22029,final
Llama-3.1-8B-Base,ame_bre_1348,BrE,rancour,-20.304926,-9.867227,final
Llama-3.1-8B-Base,ame_bre_0237,AmE,cesareans,5.467169,24.87822,final
Llama-3.1-8B-Base,ame_bre_0237,BrE,caesareans,4.8392,24.615786,final
Llama-3.1-8B-Base,ame_bre_0907,AmE,labors,-15.156507,0.510598,final
Llama-3.1-8B-Base,ame_bre_0907,BrE,labours,-14.47535,0.166755,final
Llama-3.1-8B-Base,ame_bre_1044,AmE,misdemeanors,-21.575212,-15.133899,final
Llama-3.1-8B-Base,ame_bre_1044,BrE,misdemeanours,-21.285851,-17.072254,final
Llama-3.1-8B-Base,ame_bre_0094,AmE,authorize,-3.674705,7.791025,final
Llama-3.1-8B-Base,ame_bre_0094,BrE,authorise,-3.742122,7.839293,final
Llama-3.1-8B-Base,ame_bre_1222,AmE,pedestrianizing,39.602608,-15.90062,final
Llama-3.1-8B-Base,ame_bre_1222,BrE,pedestrianising,39.874504,-16.013283,final
Llama-3.1-8B-Base,ame_bre_0565,AmE,exorcizing,-20.216743,-11.16039,final
Llama-3.1-8B-Base,ame_bre_0565,BrE,exorcising,-20.467163,-11.113057,final
Llama-3.1-8B-Base,ame_bre_0691,AmE,generalize,5.689409,22.048559,final
Llama-3.1-8B-Base,ame_bre_0691,BrE,generalise,2.601649,22.086,final
Llama-3.1-8B-Base,ame_bre_0533,AmE,epitomized,3.901731,25.240242,final
Llama-3.1-8B-Base,ame_bre_0533,BrE,epitomised,5.401002,24.373487,final
Llama-3.1-8B-Base,ame_bre_1687,AmE,travelogs,-13.171247,-0.815968,final
Llama-3.1-8B-Base,ame_bre_1687,BrE,travelogues,-12.455083,-1.442438,final
Llama-3.1-8B-Base,ame_bre_1705,AmE,tyrannizing,-2.291477,30.608097,final
Llama-3.1-8B-Base,ame_bre_1705,BrE,tyrannising,-2.801948,31.010015,final
Llama-3.1-8B-Base,ame_bre_0116,AmE,bastardizes,-18.970184,-14.354831,final
Llama-3.1-8B-Base,ame_bre_0116,BrE,bastardises,-19.627638,-14.227774,final
Llama-3.1-8B-Base,ame_bre_1416,AmE,rigors,-10.718699,2.821817,final
Llama-3.1-8B-Base,ame_bre_1416,BrE,rigours,-7.755751,-0.646653,final
Llama-3.1-8B-Base,ame_bre_1096,AmE,motorized,-1.924995,12.356186,final
Llama-3.1-8B-Base,ame_bre_1096,BrE,motorised,-2.98346,12.939691,final
Llama-3.1-8B-Base,ame_bre_0898,AmE,kilometer,-9.446206,-0.55439,final
Llama-3.1-8B-Base,ame_bre_0898,BrE,kilometre,-7.497789,-1.655109,final
Llama-3.1-8B-Base,ame_bre_0767,AmE,honorable,-10.285233,0.237422,final
Llama-3.1-8B-Base,ame_bre_0767,BrE,honourable,-9.887033,0.614884,final
Llama-3.1-8B-Base,ame_bre_1557,AmE,stabilizing,-25.83353,-12.417206,final
Llama-3.1-8B-Base,ame_bre_1557,BrE,stabilising,-26.120377,-13.007918,final
Llama-3.1-8B-Base,ame_bre_1497,AmE,signaling,-28.827345,-18.224712,final
Llama-3.1-8B-Base,ame_bre_1497,BrE,signalling,-28.568352,-18.097481,final
Llama-3.1-8B-Base,ame_bre_1656,AmE,theatergoers,8.289998,5.382944,final
Llama-3.1-8B-Base,ame_bre_1656,BrE,theatregoers,2.655431,10.217056,final
Llama-3.1-8B-Base,ame_bre_0907,AmE,labors,-28.980543,-12.036568,final
Llama-3.1-8B-Base,ame_bre_0907,BrE,labours,-28.242941,-12.560951,final
Llama-3.1-8B-Base,ame_bre_1783,AmE,weaseled,-20.356192,-12.856786,final
Llama-3.1-8B-Base,ame_bre_1783,BrE,weaselled,-20.021008,-12.605525,final
Llama-3.1-8B-Base,ame_bre_0924,AmE,libeling,30.046028,-10.685848,final
Llama-3.1-8B-Base,ame_bre_0924,BrE,libelling,29.175276,-9.817469,final
Llama-3.1-8B-Base,ame_bre_1589,AmE,subsidizing,30.138689,-11.762707,final
Llama-3.1-8B-Base,ame_bre_1589,BrE,subsidising,30.159132,-11.487321,final
Llama-3.1-8B-Base,ame_bre_0583,AmE,familiarization,-30.633499,-15.777645,final
Llama-3.1-8B-Base,ame_bre_0583,BrE,familiarisation,-30.591415,-15.964268,final
Llama-3.1-8B-Base,ame_bre_0599,AmE,favorites,-12.996397,1.127295,final
Llama-3.1-8B-Base,ame_bre_0599,BrE,favourites,-11.76341,0.989069,final
Llama-3.1-8B-Base,ame_bre_1346,AmE,radicalizing,-0.16513,12.211713,final
Llama-3.1-8B-Base,ame_bre_1346,BrE,radicalising,0.586953,11.47978,final
Llama-3.1-8B-Base,ame_bre_0029,AmE,amortizations,-3.439832,10.379909,final
Llama-3.1-8B-Base,ame_bre_0029,BrE,amortisations,-4.415549,10.997608,final
Llama-3.1-8B-Base,ame_bre_0157,AmE,brutalize,0.959842,12.328529,final
Llama-3.1-8B-Base,ame_bre_0157,BrE,brutalise,0.931996,12.59083,final
Llama-3.1-8B-Base,ame_bre_1086,AmE,monopolization,-2.256919,11.299666,final
Llama-3.1-8B-Base,ame_bre_1086,BrE,monopolisation,-1.320182,11.767712,final
Llama-3.1-8B-Base,ame_bre_1225,AmE,pediatricians,3.287099,7.180069,final
Llama-3.1-8B-Base,ame_bre_1225,BrE,paediatricians,3.315141,6.621229,final
Llama-3.1-8B-Base,ame_bre_0610,AmE,fertilized,-21.438412,-11.358002,final
Llama-3.1-8B-Base,ame_bre_0610,BrE,fertilised,-21.687349,-11.810233,final
Llama-3.1-8B-Base,ame_bre_0602,AmE,fecal,30.590954,-9.201045,final
Llama-3.1-8B-Base,ame_bre_0602,BrE,faecal,30.603249,-7.761085,final
Llama-3.1-8B-Base,ame_bre_1309,AmE,professionalizing,-5.235077,11.751447,final
Llama-3.1-8B-Base,ame_bre_1309,BrE,professionalising,-3.600838,10.830338,final
Llama-3.1-8B-Base,ame_bre_0911,AmE,legalized,1.064436,26.985693,final
Llama-3.1-8B-Base,ame_bre_0911,BrE,legalised,3.846544,24.685488,final
Llama-3.1-8B-Base,ame_bre_0133,AmE,belaboring,-19.473768,-11.569876,final
Llama-3.1-8B-Base,ame_bre_0133,BrE,belabouring,-18.319654,-8.858346,final
Llama-3.1-8B-Base,ame_bre_1129,AmE,normalizes,-3.884536,10.667578,final
Llama-3.1-8B-Base,ame_bre_1129,BrE,normalises,-1.97019,9.930355,final
Llama-3.1-8B-Base,ame_bre_1038,AmE,minimize,-13.61737,-0.205497,final
Llama-3.1-8B-Base,ame_bre_1038,BrE,minimise,-12.502476,-0.434175,final
Llama-3.1-8B-Base,ame_bre_0967,AmE,maneuverability,-11.013091,-1.031104,final
Llama-3.1-8B-Base,ame_bre_0967,BrE,manoeuvrability,-3.69947,-1.620983,final
Llama-3.1-8B-Base,ame_bre_0543,AmE,equalizing,34.894268,-15.538145,final
Llama-3.1-8B-Base,ame_bre_0543,BrE,equalising,34.585938,-15.404243,final
Llama-3.1-8B-Base,ame_bre_1664,AmE,tires,34.986702,-12.935261,final
Llama-3.1-8B-Base,ame_bre_1664,BrE,tyres,34.530979,-12.176808,final
Llama-3.1-8B-Base,ame_bre_0625,AmE,fictionalize,0.865045,9.7052,final
Llama-3.1-8B-Base,ame_bre_0625,BrE,fictionalise,0.306762,10.095249,final
Llama-3.1-8B-Base,ame_bre_1466,AmE,sensationalizes,42.690308,-18.285955,final
Llama-3.1-8B-Base,ame_bre_1466,BrE,sensationalises,41.716946,-17.944578,final
Llama-3.1-8B-Base,ame_bre_1788,AmE,westernizes,34.82645,-11.294405,final
Llama-3.1-8B-Base,ame_bre_1788,BrE,westernises,34.171513,-11.131465,final
Llama-3.1-8B-Base,ame_bre_1200,AmE,passivizes,-24.887249,-14.286427,final
Llama-3.1-8B-Base,ame_bre_1200,BrE,passivises,-26.210983,-12.566339,final
Llama-3.1-8B-Base,ame_bre_0887,AmE,jeopardize,-22.465588,-12.99672,final
Llama-3.1-8B-Base,ame_bre_0887,BrE,jeopardise,-23.678303,-12.578431,final
Llama-3.1-8B-Base,ame_bre_0504,AmE,emphasizing,33.091148,-12.069502,final
Llama-3.1-8B-Base,ame_bre_0504,BrE,emphasising,30.357948,-11.214768,final
Llama-3.1-8B-Base,ame_bre_0479,AmE,dramatizes,1.305415,10.641456,final
Llama-3.1-8B-Base,ame_bre_0479,BrE,dramatises,3.837124,8.849482,final
Llama-3.1-8B-Base,ame_bre_0045,AmE,anesthetic,0.920815,11.076049,final
Llama-3.1-8B-Base,ame_bre_0045,BrE,anaesthetic,1.496545,10.464994,final
Llama-3.1-8B-Base,ame_bre_1262,AmE,polarization,-23.051434,-18.846428,final
Llama-3.1-8B-Base,ame_bre_1262,BrE,polarisation,-20.180588,-18.592178,final
Llama-3.1-8B-Base,ame_bre_1545,AmE,spiraled,-2.772689,13.238594,final
Llama-3.1-8B-Base,ame_bre_1545,BrE,spiralled,-1.629788,12.273699,final
Llama-3.1-8B-Base,ame_bre_1289,AmE,pressurizes,-23.950584,-12.200453,final
Llama-3.1-8B-Base,ame_bre_1289,BrE,pressurises,-23.652483,-12.491145,final
Llama-3.1-8B-Base,ame_bre_0338,AmE,criminalizes,2.531947,27.386293,final
Llama-3.1-8B-Base,ame_bre_0338,BrE,criminalises,3.316888,26.937696,final
Llama-3.1-8B-Base,ame_bre_0406,AmE,denationalized,-1.198205,26.004288,final
Llama-3.1-8B-Base,ame_bre_0406,BrE,denationalised,-0.909058,26.381403,final
Llama-3.1-8B-Base,ame_bre_0825,AmE,impaneling,36.480789,-15.462261,final
Llama-3.1-8B-Base,ame_bre_0825,BrE,impanelling,29.641693,-8.880442,final
Llama-3.1-8B-Base,ame_bre_0693,AmE,generalizes,36.887939,-18.090471,final
Llama-3.1-8B-Base,ame_bre_0693,BrE,generalises,35.94326,-17.516005,final
Llama-3.1-8B-Base,ame_bre_0346,AmE,crystallization,32.616802,-12.074172,final
Llama-3.1-8B-Base,ame_bre_0346,BrE,crystallisation,32.445786,-12.19776,final
Llama-3.1-8B-Base,ame_bre_0729,AmE,grueling,5.739908,26.102179,final
Llama-3.1-8B-Base,ame_bre_0729,BrE,gruelling,6.096588,25.235872,final
Llama-3.1-8B-Base,ame_bre_1165,AmE,overemphasized,35.110435,-13.570739,final
Llama-3.1-8B-Base,ame_bre_1165,BrE,overemphasised,34.668793,-13.187961,final
Llama-3.1-8B-Base,ame_bre_0946,AmE,liquidizes,36.954643,-14.217314,final
Llama-3.1-8B-Base,ame_bre_0946,BrE,liquidises,36.324898,-13.785612,final
Llama-3.1-8B-Base,ame_bre_1055,AmE,modelers,-32.358994,-15.901644,final
Llama-3.1-8B-Base,ame_bre_1055,BrE,modellers,-28.617035,-12.551344,final
Llama-3.1-8B-Base,ame_bre_0799,AmE,idealization,-3.788542,11.579508,final
Llama-3.1-8B-Base,ame_bre_0799,BrE,idealisation,-2.814243,11.652547,final
Llama-3.1-8B-Base,ame_bre_1590,AmE,succor,-10.180243,3.59845,final
Llama-3.1-8B-Base,ame_bre_1590,BrE,succour,-9.748231,3.552371,final
Llama-3.1-8B-Base,ame_bre_1132,AmE,odor,33.65657,-12.16706,final
Llama-3.1-8B-Base,ame_bre_1132,BrE,odour,30.370441,-9.177472,final
Llama-3.1-8B-Base,ame_bre_1428,AmE,saber,33.123432,-10.453511,final
Llama-3.1-8B-Base,ame_bre_1428,BrE,sabre,28.18293,-5.755963,final
Llama-3.1-8B-Base,ame_bre_1040,AmE,minimizes,-3.74613,11.563664,final
Llama-3.1-8B-Base,ame_bre_1040,BrE,minimises,-0.741302,9.606813,final
Llama-3.1-8B-Base,ame_bre_0979,AmE,marshaled,2.160468,28.228437,final
Llama-3.1-8B-Base,ame_bre_0979,BrE,marshalled,3.527591,27.041792,final
Llama-3.1-8B-Base,ame_bre_0305,AmE,computerizes,0.400491,7.042975,final
Llama-3.1-8B-Base,ame_bre_0305,BrE,computerises,0.571411,7.005691,final
Llama-3.1-8B-Base,ame_bre_1170,AmE,oxidize,34.428417,-13.552938,final
Llama-3.1-8B-Base,ame_bre_1170,BrE,oxidise,33.965824,-13.092838,final
Llama-3.1-8B-Base,ame_bre_1443,AmE,savories,-7.818236,3.030757,final
Llama-3.1-8B-Base,ame_bre_1443,BrE,savouries,-4.838987,3.313753,final
Llama-3.1-8B-Base,ame_bre_0996,AmE,mechanization,-1.548614,10.323228,final
Llama-3.1-8B-Base,ame_bre_0996,BrE,mechanisation,-1.536726,10.495428,final
Llama-3.1-8B-Base,ame_bre_0084,AmE,ardor,-23.386105,-8.873156,final
Llama-3.1-8B-Base,ame_bre_0084,BrE,ardour,-27.402874,-8.497047,final
Llama-3.1-8B-Base,ame_bre_1382,AmE,regularization,-23.565548,-20.993795,final
Llama-3.1-8B-Base,ame_bre_1382,BrE,regularisation,-23.980181,-20.3333,final
Llama-3.1-8B-Base,ame_bre_0088,AmE,armorers,-9.548859,0.844462,final
Llama-3.1-8B-Base,ame_bre_0088,BrE,armourers,-6.324275,-0.374265,final
Llama-3.1-8B-Base,ame_bre_0135,AmE,beveled,-10.391141,0.342213,final
Llama-3.1-8B-Base,ame_bre_0135,BrE,bevelled,-8.136427,-0.098915,final
Llama-3.1-8B-Base,ame_bre_1477,AmE,sepulchers,9.587455,24.003531,final
Llama-3.1-8B-Base,ame_bre_1477,BrE,sepulchres,9.465272,23.298384,final
Llama-3.1-8B-Base,ame_bre_0914,AmE,legitimize,-25.549696,-15.686735,final
Llama-3.1-8B-Base,ame_bre_0914,BrE,legitimise,-23.078377,-14.603708,final
Llama-3.1-8B-Base,ame_bre_1764,AmE,visualize,36.956547,-15.883271,final
Llama-3.1-8B-Base,ame_bre_1764,BrE,visualise,36.257217,-16.460478,final
Llama-3.1-8B-Base,ame_bre_1634,AmE,systematizing,-2.863075,25.009293,final
Llama-3.1-8B-Base,ame_bre_1634,BrE,systematising,-1.174291,23.667803,final
Llama-3.1-8B-Base,ame_bre_1722,AmE,unrivaled,-13.205846,4.181807,final
Llama-3.1-8B-Base,ame_bre_1722,BrE,unrivalled,-13.686804,4.114217,final
Llama-3.1-8B-Base,ame_bre_1374,AmE,recognizes,-30.247692,-13.489177,final
Llama-3.1-8B-Base,ame_bre_1374,BrE,recognises,-26.477991,-14.186452,final
Llama-3.1-8B-Base,ame_bre_1242,AmE,philosophize,-20.148756,-14.204314,final
Llama-3.1-8B-Base,ame_bre_1242,BrE,philosophise,-18.823132,-15.899563,final
Llama-3.1-8B-Base,ame_bre_1305,AmE,professionalization,-2.836621,10.006401,final
Llama-3.1-8B-Base,ame_bre_1305,BrE,professionalisation,-1.994026,9.926063,final
Llama-3.1-8B-Base,ame_bre_0381,AmE,demilitarize,-18.140789,-12.563512,final
Llama-3.1-8B-Base,ame_bre_0381,BrE,demilitarise,-17.686741,-12.788456,final
Llama-3.1-8B-Instruct,ame_bre_0400,AmE,demoralize,-16.073164,-0.993424,final
Llama-3.1-8B-Instruct,ame_bre_0400,BrE,demoralise,-16.129097,-1.186071,final
Llama-3.1-8B-Instruct,ame_bre_1400,AmE,reveler,-2.331185,6.191629,final
Llama-3.1-8B-Instruct,ame_bre_1400,BrE,reveller,-3.352206,5.856503,final
Llama-3.1-8B-Instruct,ame_bre_1292,AmE,pretenses,-21.963634,-1.150138,final
Llama-3.1-8B-Instruct,ame_bre_1292,BrE,pretences,-22.504845,-0.864585,final
Llama-3.1-8B-Instruct,ame_bre_0447,AmE,disemboweling,0.055107,-15.838049,final
Llama-3.1-8B-Instruct,ame_bre_0447,BrE,disembowelling,1.345342,-16.593449,final
Llama-3.1-8B-Instruct,ame_bre_1778,AmE,vulgarizes,-17.014357,-3.840253,final
Llama-3.1-8B-Instruct,ame_bre_1778,BrE,vulgarises,-19.485741,-1.81268,final
Llama-3.1-8B-Instruct,ame_bre_1325,AmE,psychoanalyze,1.479668,-22.21468,final
Llama-3.1-8B-Instruct,ame_bre_1325,BrE,psychoanalyse,3.250393,-21.455137,final
Llama-3.1-8B-Instruct,ame_bre_1692,AmE,trivialize,-2.928736,-23.627863,final
Llama-3.1-8B-Instruct,ame_bre_1692,BrE,trivialise,0.668505,-25.834743,final
Llama-3.1-8B-Instruct,ame_bre_1216,AmE,pederast,-2.183545,-16.697002,final
Llama-3.1-8B-Instruct,ame_bre_1216,BrE,paederast,-2.875658,-16.275564,final
Llama-3.1-8B-Instruct,ame_bre_0440,AmE,digitizes,32.605545,-4.485252,final
Llama-3.1-8B-Instruct,ame_bre_0440,BrE,digitises,32.755043,-4.363659,final
Llama-3.1-8B-Instruct,ame_bre_1192,AmE,parlors,-5.06114,27.116488,final
Llama-3.1-8B-Instruct,ame_bre_1192,BrE,parlours,-6.072868,27.252687,final
Llama-3.1-8B-Instruct,ame_bre_1504,AmE,siphoning,24.983355,3.115395,final
Llama-3.1-8B-Instruct,ame_bre_1504,BrE,syphoning,25.020241,2.404492,final
Llama-3.1-8B-Instruct,ame_bre_1011,AmE,mesmerized,-0.098808,5.162533,final
Llama-3.1-8B-Instruct,ame_bre_1011,BrE,mesmerised,-0.160345,5.014424,final
Llama-3.1-8B-Instruct,ame_bre_0738,AmE,harboring,-5.743875,7.371636,final
Llama-3.1-8B-Instruct,ame_bre_0738,BrE,harbouring,0.484097,1.509364,final
Llama-3.1-8B-Instruct,ame_bre_1654,AmE,theater,31.05834,-1.589575,final
Llama-3.1-8B-Instruct,ame_bre_1654,BrE,theatre,31.659092,-2.312664,final
Llama-3.1-8B-Instruct,ame_bre_0969,AmE,maneuvered,34.010868,-3.747538,final
Llama-3.1-8B-Instruct,ame_bre_0969,BrE,manoeuvred,27.11874,0.659445,final
Llama-3.1-8B-Instruct,ame_bre_0748,AmE,hematology,-20.081385,-5.562455,final
Llama-3.1-8B-Instruct,ame_bre_0748,BrE,haematology,-19.993208,-2.018516,final
Llama-3.1-8B-Instruct,ame_bre_0578,AmE,factorize,-17.68841,-8.009137,final
Llama-3.1-8B-Instruct,ame_bre_0578,BrE,factorise,-17.42136,-7.694603,final
Llama-3.1-8B-Instruct,ame_bre_0945,AmE,liquidizers,-2.08108,4.283483,final
Llama-3.1-8B-Instruct,ame_bre_0945,BrE,liquidisers,-0.981562,3.827486,final
Llama-3.1-8B-Instruct,ame_bre_1324,AmE,proselytizing,3.952173,22.32349,final
Llama-3.1-8B-Instruct,ame_bre_1324,BrE,proselytising,3.15096,22.3414,final
Llama-3.1-8B-Instruct,ame_bre_1181,AmE,paneling,31.071115,-3.529913,final
Llama-3.1-8B-Instruct,ame_bre_1181,BrE,panelling,29.158028,-0.713851,final
Llama-3.1-8B-Instruct,ame_bre_0075,AmE,appetizingly,4.671048,27.03063,final
Llama-3.1-8B-Instruct,ame_bre_0075,BrE,appetisingly,4.489944,26.388088,final
Llama-3.1-8B-Instruct,ame_bre_1718,AmE,unraveled,-21.201468,-1.828091,final
Llama-3.1-8B-Instruct,ame_bre_1718,BrE,unravelled,-18.405804,-4.93881,final
Llama-3.1-8B-Instruct,ame_bre_1192,AmE,parlors,-4.433883,5.846239,final
Llama-3.1-8B-Instruct,ame_bre_1192,BrE,parlours,-3.755792,4.945002,final
Llama-3.1-8B-Instruct,ame_bre_1761,AmE,vigor,-2.734669,28.348,final
Llama-3.1-8B-Instruct,ame_bre_1761,BrE,vigour,-3.169291,27.154047,final
Llama-3.1-8B-Instruct,ame_bre_1603,AmE,summarizing,-30.110096,-2.082062,final
Llama-3.1-8B-Instruct,ame_bre_1603,BrE,summarising,-29.287432,-2.069866,final
Llama-3.1-8B-Instruct,ame_bre_1341,AmE,quarreled,-0.715482,27.938744,final
Llama-3.1-8B-Instruct,ame_bre_1341,BrE,quarrelled,4.442152,24.802294,final
Llama-3.1-8B-Instruct,ame_bre_0287,AmE,colorfully,0.438883,-23.355562,final
Llama-3.1-8B-Instruct,ame_bre_0287,BrE,colourfully,2.448798,-24.834297,final
Llama-3.1-8B-Instruct,ame_bre_0236,AmE,cesarean,-20.532,0.300921,final
Llama-3.1-8B-Instruct,ame_bre_0236,BrE,caesarean,-18.882696,1.147188,final
Llama-3.1-8B-Instruct,ame_bre_1546,AmE,spiraling,-4.740177,7.07783,final
Llama-3.1-8B-Instruct,ame_bre_1546,BrE,spiralling,-3.594234,6.271007,final
Llama-3.1-8B-Instruct,ame_bre_0639,AmE,finalizing,-11.696029,5.173362,final
Llama-3.1-8B-Instruct,ame_bre_0639,BrE,finalising,-8.838989,2.60686,final
Llama-3.1-8B-Instruct,ame_bre_1345,AmE,radicalizes,5.470036,22.658073,final
Llama-3.1-8B-Instruct,ame_bre_1345,BrE,radicalises,4.701681,23.120241,final
Llama-3.1-8B-Instruct,ame_bre_0041,AmE,analyzing,-3.127764,-23.960201,final
Llama-3.1-8B-Instruct,ame_bre_0041,BrE,analysing,-3.495379,-21.157791,final
Llama-3.1-8B-Instruct,ame_bre_0008,AmE,acclimatizes,26.794416,1.217922,final
Llama-3.1-8B-Instruct,ame_bre_0008,BrE,acclimatises,23.37719,3.136446,final
Llama-3.1-8B-Instruct,ame_bre_1167,AmE,overemphasizing,-16.163553,-0.952334,final
Llama-3.1-8B-Instruct,ame_bre_1167,BrE,overemphasising,-15.573648,-1.165542,final
Llama-3.1-8B-Instruct,ame_bre_0785,AmE,humorless,34.933056,-1.584228,final
Llama-3.1-8B-Instruct,ame_bre_0785,BrE,humourless,35.6101,-2.057175,final
Llama-3.1-8B-Instruct,ame_bre_0196,AmE,carbonized,-3.304504,4.594563,final
Llama-3.1-8B-Instruct,ame_bre_0196,BrE,carbonised,-1.242647,3.116846,final
Llama-3.1-8B-Instruct,ame_bre_0755,AmE,hemorrhages,-1.409462,5.241454,final
Llama-3.1-8B-Instruct,ame_bre_0755,BrE,haemorrhages,0.852785,5.462988,final
Llama-3.1-8B-Instruct,ame_bre_1348,AmE,rancor,-20.912416,3.003918,final
Llama-3.1-8B-Instruct,ame_bre_1348,BrE,rancour,-20.86528,2.863849,final
Llama-3.1-8B-Instruct,ame_bre_0237,AmE,cesareans,-3.093148,25.834827,final
Llama-3.1-8B-Instruct,ame_bre_0237,BrE,caesareans,-2.971226,26.766445,final
Llama-3.1-8B-Instruct,ame_bre_0907,AmE,labors,-4.172051,-22.436182,final
Llama-3.1-8B-Instruct,ame_bre_0907,BrE,labours,-3.336087,-22.889446,final
Llama-3.1-8B-Instruct,ame_bre_1044,AmE,misdemeanors,-17.761507,-5.308636,final
Llama-3.1-8B-Instruct,ame_bre_1044,BrE,misdemeanours,-18.484327,-4.656245,final
Llama-3.1-8B-Instruct,ame_bre_0094,AmE,authorize,-4.25674,0.801042,final
Llama-3.1-8B-Instruct,ame_bre_0094,BrE,authorise,-4.134306,1.03578,final
Llama-3.1-8B-Instruct,ame_bre_1222,AmE,pedestrianizing,33.651676,-3.852122,final
Llama-3.1-8B-Instruct,ame_bre_1222,BrE,pedestrianising,33.857712,-4.055618,final
Llama-3.1-8B-Instruct,ame_bre_0565,AmE,exorcizing,-18.7724,-0.559243,final
Llama-3.1-8B-Instruct,ame_bre_0565,BrE,exorcising,-18.135933,-0.960471,final
Llama-3.1-8B-Instruct,ame_bre_0691,AmE,generalize,-0.107191,22.585051,final
Llama-3.1-8B-Instruct,ame_bre_0691,BrE,generalise,-1.906798,22.017387,final
Llama-3.1-8B-Instruct,ame_bre_0533,AmE,epitomized,0.236294,25.725592,final
Llama-3.1-8B-Instruct,ame_bre_0533,BrE,epitomised,0.759515,25.296003,final
Llama-3.1-8B-Instruct,ame_bre_1687,AmE,travelogs,-1.233465,-24.614605,final
Llama-3.1-8B-Instruct,ame_bre_1687,BrE,travelogues,-1.19799,-23.143246,final
Llama-3.1-8B-Instruct,ame_bre_1705,AmE,tyrannizing,-8.584385,31.107702,final
Llama-3.1-8B-Instruct,ame_bre_1705,BrE,tyrannising,-8.722482,31.031738,final
Llama-3.1-8B-Instruct,ame_bre_0116,AmE,bastardizes,-17.302105,-3.383934,final
Llama-3.1-8B-Instruct,ame_bre_0116,BrE,bastardises,-18.017368,-3.230744,final
Llama-3.1-8B-Instruct,ame_bre_1416,AmE,rigors,-0.680097,-20.708649,final
Llama-3.1-8B-Instruct,ame_bre_1416,BrE,rigours,1.533648,-23.135729,final
Llama-3.1-8B-Instruct,ame_bre_1096,AmE,motorized,-3.114512,3.678896,final
Llama-3.1-8B-Instruct,ame_bre_1096,BrE,motorised,-2.049031,2.521392,final
Llama-3.1-8B-Instruct,ame_bre_0898,AmE,kilometer,0.400332,-23.324194,final
Llama-3.1-8B-Instruct,ame_bre_0898,BrE,kilometre,2.15883,-24.379217,final
Llama-3.1-8B-Instruct,ame_bre_0767,AmE,honorable,-1.419812,-24.410898,final
Llama-3.1-8B-Instruct,ame_bre_0767,BrE,honourable,1.41806,-25.247812,final
Llama-3.1-8B-Instruct,ame_bre_1557,AmE,stabilizing,-24.639986,-2.267936,final
Llama-3.1-8B-Instruct,ame_bre_1557,BrE,stabilising,-24.406609,-2.296037,final
Llama-3.1-8B-Instruct,ame_bre_1497,AmE,signaling,-24.55912,-7.318313,final
Llama-3.1-8B-Instruct,ame_bre_1497,BrE,signalling,-25.613337,-7.262691,final
Llama-3.1-8B-Instruct,ame_bre_1656,AmE,theatergoers,5.740064,-0.000716,final
Llama-3.1-8B-Instruct,ame_bre_1656,BrE,theatregoers,0.632606,4.426441,final
Llama-3.1-8B-Instruct,ame_bre_0907,AmE,labors,-25.733587,-0.569035,final
Llama-3.1-8B-Instruct,ame_bre_0907,BrE,labours,-24.718212,-1.041883,final
Llama-3.1-8B-Instruct,ame_bre_1783,AmE,weaseled,-17.20912,-0.914072,final
Llama-3.1-8B-Instruct,ame_bre_1783,BrE,weaselled,-18.202,0.256903,final
Llama-3.1-8B-Instruct,ame_bre_0924,AmE,libeling,24.114233,0.189895,final
Llama-3.1-8B-Instruct,ame_bre_0924,BrE,libelling,23.848515,0.397258,final
Llama-3.1-8B-Instruct,ame_bre_1589,AmE,subsidizing,26.195789,-0.680156,final
Llama-3.1-8B-Instruct,ame_bre_1589,BrE,subsidising,26.219542,-0.759784,final
Llama-3.1-8B-Instruct,ame_bre_0583,AmE,familiarization,-26.156479,-5.85443,final
Llama-3.1-8B-Instruct,ame_bre_0583,BrE,familiarisation,-25.448429,-5.881656,final
Llama-3.1-8B-Instruct,ame_bre_0599,AmE,favorites,-1.855918,-24.671448,final
Llama-3.1-8B-Instruct,ame_bre_0599,BrE,favourites,0.440714,-25.635992,final
Llama-3.1-8B-Instruct,ame_bre_1346,AmE,radicalizing,-0.892736,3.172214,final
Llama-3.1-8B-Instruct,ame_bre_1346,BrE,radicalising,-0.609324,2.867487,final
Llama-3.1-8B-Instruct,ame_bre_0029,AmE,amortizations,-4.983415,4.972201,final
Llama-3.1-8B-Instruct,ame_bre_0029,BrE,amortisations,-5.592104,5.373714,final
Llama-3.1-8B-Instruct,ame_bre_0157,AmE,brutalize,-1.324032,5.962267,final
Llama-3.1-8B-Instruct,ame_bre_0157,BrE,brutalise,-0.536944,5.027948,final
Llama-3.1-8B-Instruct,ame_bre_1086,AmE,monopolization,-4.113127,5.820326,final
Llama-3.1-8B-Instruct,ame_bre_1086,BrE,monopolisation,-3.064704,5.758802,final
Llama-3.1-8B-Instruct,ame_bre_1225,AmE,pediatricians,1.294728,-0.476886,final
Llama-3.1-8B-Instruct,ame_bre_1225,BrE,paediatricians,2.597275,-0.468229,final
Llama-3.1-8B-Instruct,ame_bre_0610,AmE,fertilized,-19.84997,-2.004461,final
Llama-3.1-8B-Instruct,ame_bre_0610,BrE,fertilised,-19.809338,-2.200969,final
Llama-3.1-8B-Instruct,ame_bre_0602,AmE,fecal,25.976177,1.997199,final
Llama-3.1-8B-Instruct,ame_bre_0602,BrE,faecal,26.959286,2.031952,final
Llama-3.1-8B-Instruct,ame_bre_1309,AmE,professionalizing,-4.081621,1.616502,final
Llama-3.1-8B-Instruct,ame_bre_1309,BrE,professionalising,-3.245358,1.372919,final
Llama-3.1-8B-Instruct,ame_bre_0911,AmE,legalized,-5.542464,24.204792,final
Llama-3.1-8B-Instruct,ame_bre_0911,BrE,legalised,-1.96797,22.418404,final
Llama-3.1-8B-Instruct,ame_bre_0133,AmE,belaboring,-15.337409,-1.947182,final
Llama-3.1-8B-Instruct,ame_bre_0133,BrE,belabouring,-14.269423,-0.19951,final
Llama-3.1-8B-Instruct,ame_bre_1129,AmE,normalizes,-6.296339,3.034277,final
Llama-3.1-8B-Instruct,ame_bre_1129,BrE,normalises,-4.699773,2.411626,final
Llama-3.1-8B-Instruct,ame_bre_1038,AmE,minimize,-3.713176,-24.494316,final
Llama-3.1-8B-Instruct,ame_bre_1038,BrE,minimise,-2.51531,-24.724594,final
Llama-3.1-8B-Instruct,ame_bre_0967,AmE,maneuverability,1.586175,-24.686045,final
Llama-3.1-8B-Instruct,ame_bre_0967,BrE,manoeuvrability,4.476027,-19.196547,final
Llama-3.1-8B-Instruct,ame_bre_0543,AmE,equalizing,29.300596,-3.121551,final
Llama-3.1-8B-Instruct,ame_bre_0543,BrE,equalising,28.97617,-3.032835,final
Llama-3.1-8B-Instruct,ame_bre_1664,AmE,tires,32.895245,-1.966509,final
Llama-3.1-8B-Instruct,ame_bre_1664,BrE,tyres,31.872366,-2.278413,final
Llama-3.1-8B-Instruct,ame_bre_0625,AmE,fictionalize,-1.616055,2.370088,final
Llama-3.1-8B-Instruct,ame_bre_0625,BrE,fictionalise,-1.742981,2.130406,final
Llama-3.1-8B-Instruct,ame_bre_1466,AmE,sensationalizes,35.165104,-2.641944,final
Llama-3.1-8B-Instruct,ame_bre_1466,BrE,sensationalises,34.41489,-2.667702,final
Llama-3.1-8B-Instruct,ame_bre_1788,AmE,westernizes,30.517183,-2.047628,final
Llama-3.1-8B-Instruct,ame_bre_1788,BrE,westernises,29.889391,-1.941243,final
Llama-3.1-8B-Instruct,ame_bre_1200,AmE,passivizes,-22.036972,-3.352757,final
Llama-3.1-8B-Instruct,ame_bre_1200,BrE,passivises,-24.777802,-0.825205,final
Llama-3.1-8B-Instruct,ame_bre_0887,AmE,jeopardize,-18.573229,-3.448545,final
Llama-3.1-8B-Instruct,ame_bre_0887,BrE,jeopardise,-18.542946,-3.13532,final
Llama-3.1-8B-Instruct,ame_bre_0504,AmE,emphasizing,30.136166,-3.251337,final
Llama-3.1-8B-Instruct,ame_bre_0504,BrE,emphasising,29.455435,-1.402836,final
Llama-3.1-8B-Instruct,ame_bre_0479,AmE,dramatizes,-3.167506,6.716655,final
Llama-3.1-8B-Instruct,ame_bre_0479,BrE,dramatises,0.170096,3.308945,final
Llama-3.1-8B-Instruct,ame_bre_0045,AmE,anesthetic,-1.016064,3.470391,final
Llama-3.1-8B-Instruct,ame_bre_0045,BrE,anaesthetic,-0.153023,2.834902,final
Llama-3.1-8B-Instruct,ame_bre_1262,AmE,polarization,-21.35685,-7.327093,final
Llama-3.1-8B-Instruct,ame_bre_1262,BrE,polarisation,-19.119638,-6.734299,final
Llama-3.1-8B-Instruct,ame_bre_1545,AmE,spiraled,-2.649414,5.550895,final
Llama-3.1-8B-Instruct,ame_bre_1545,BrE,spiralled,-2.632187,5.251627,final
Llama-3.1-8B-Instruct,ame_bre_1289,AmE,pressurizes,-18.778135,-3.688686,final
Llama-3.1-8B-Instruct,ame_bre_1289,BrE,pressurises,-19.793369,-3.116955,final
Llama-3.1-8B-Instruct,ame_bre_0338,AmE,criminalizes,-2.541961,24.7729,final
Llama-3.1-8B-Instruct,ame_bre_0338,BrE,criminalises,0.811115,23.713123,final
Llama-3.1-8B-Instruct,ame_bre_0406,AmE,denationalized,-3.965765,23.838768,final
Llama-3.1-8B-Instruct,ame_bre_0406,BrE,denationalised,-3.313397,23.668224,final
Llama-3.1-8B-Instruct,ame_bre_0825,AmE,impaneling,29.348652,-2.131841,final
Llama-3.1-8B-Instruct,ame_bre_0825,BrE,impanelling,22.714403,3.046503,final
Llama-3.1-8B-Instruct,ame_bre_0693,AmE,generalizes,32.335938,-3.769576,final
Llama-3.1-8B-Instruct,ame_bre_0693,BrE,generalises,31.537836,-3.511703,final
Llama-3.1-8B-Instruct,ame_bre_0346,AmE,crystallization,29.310108,-1.14987,final
Llama-3.1-8B-Instruct,ame_bre_0346,BrE,crystallisation,29.356623,-1.579344,final
Llama-3.1-8B-Instruct,ame_bre_0729,AmE,grueling,-1.512701,26.518623,final
Llama-3.1-8B-Instruct,ame_bre_0729,BrE,gruelling,-1.883083,26.520739,final
Llama-3.1-8B-Instruct,ame_bre_1165,AmE,overemphasized,29.346628,1.274478,final
Llama-3.1-8B-Instruct,ame_bre_1165,BrE,overemphasised,29.720396,0.548618,final
Llama-3.1-8B-Instruct,ame_bre_0946,AmE,liquidizes,32.482933,-1.699312,final
Llama-3.1-8B-Instruct,ame_bre_0946,BrE,liquidises,31.455173,-1.749982,final
Llama-3.1-8B-Instruct,ame_bre_1055,AmE,modelers,-29.466017,-4.155701,final
Llama-3.1-8B-Instruct,ame_bre_1055,BrE,modellers,-26.061907,-2.599326,final
Llama-3.1-8B-Instruct,ame_bre_0799,AmE,idealization,-3.357509,2.618212,final
Llama-3.1-8B-Instruct,ame_bre_0799,BrE,idealisation,-3.166495,2.983134,final
Llama-3.1-8B-Instruct,ame_bre_1590,AmE,succor,0.225082,-20.372742,final
Llama-3.1-8B-Instruct,ame_bre_1590,BrE,succour,2.186089,-21.591133,final
Llama-3.1-8B-Instruct,ame_bre_1132,AmE,odor,31.21382,-1.329272,final
Llama-3.1-8B-Instruct,ame_bre_1132,BrE,odour,27.304525,1.257327,final
Llama-3.1-8B-Instruct,ame_bre_1428,AmE,saber,29.149883,0.070239,final
Llama-3.1-8B-Instruct,ame_bre_1428,BrE,sabre,24.816162,3.046315,final
Llama-3.1-8B-Instruct,ame_bre_1040,AmE,minimizes,-7.203164,6.939807,final
Llama-3.1-8B-Instruct,ame_bre_1040,BrE,minimises,-4.853105,4.972399,final
Llama-3.1-8B-Instruct,ame_bre_0979,AmE,marshaled,0.782857,23.124001,final
Llama-3.1-8B-Instruct,ame_bre_0979,BrE,marshalled,1.85517,22.251942,final
Llama-3.1-8B-Instruct,ame_bre_0305,AmE,computerizes,-0.125798,0.425047,final
Llama-3.1-8B-Instruct,ame_bre_0305,BrE,computerises,-0.09541,0.335403,final
Llama-3.1-8B-Instruct,ame_bre_1170,AmE,oxidize,29.78249,-0.865036,final
Llama-3.1-8B-Instruct,ame_bre_1170,BrE,oxidise,29.506367,-0.7797,final
Llama-3.1-8B-Instruct,ame_bre_1443,AmE,savories,0.000448,-20.525726,final
Llama-3.1-8B-Instruct,ame_bre_1443,BrE,savouries,3.494677,-20.061192,final
Llama-3.1-8B-Instruct,ame_bre_0996,AmE,mechanization,-3.696491,4.063441,final
Llama-3.1-8B-Instruct,ame_bre_0996,BrE,mechanisation,-3.451446,4.158096,final
Llama-3.1-8B-Instruct,ame_bre_0084,AmE,ardor,-21.556871,0.837168,final
Llama-3.1-8B-Instruct,ame_bre_0084,BrE,ardour,-26.290697,0.489812,final
Llama-3.1-8B-Instruct,ame_bre_1382,AmE,regularization,-20.221069,-9.134542,final
Llama-3.1-8B-Instruct,ame_bre_1382,BrE,regularisation,-20.980701,-9.122795,final
Llama-3.1-8B-Instruct,ame_bre_0088,AmE,armorers,0.273174,-24.234095,final
Llama-3.1-8B-Instruct,ame_bre_0088,BrE,armourers,3.68866,-25.55393,final
Llama-3.1-8B-Instruct,ame_bre_0135,AmE,beveled,-1.156545,-23.206375,final
Llama-3.1-8B-Instruct,ame_bre_0135,BrE,bevelled,1.243249,-22.806046,final
Llama-3.1-8B-Instruct,ame_bre_1477,AmE,sepulchers,0.12385,27.061108,final
Llama-3.1-8B-Instruct,ame_bre_1477,BrE,sepulchres,0.577153,26.914814,final
Llama-3.1-8B-Instruct,ame_bre_0914,AmE,legitimize,-22.366091,-3.981403,final
Llama-3.1-8B-Instruct,ame_bre_0914,BrE,legitimise,-21.318066,-2.189532,final
Llama-3.1-8B-Instruct,ame_bre_1764,AmE,visualize,32.009411,-3.752035,final
Llama-3.1-8B-Instruct,ame_bre_1764,BrE,visualise,32.487503,-3.886252,final
Llama-3.1-8B-Instruct,ame_bre_1634,AmE,systematizing,-6.612293,25.534771,final
Llama-3.1-8B-Instruct,ame_bre_1634,BrE,systematising,-5.618813,24.386778,final
Llama-3.1-8B-Instruct,ame_bre_1722,AmE,unrivaled,-6.630913,-15.200979,final
Llama-3.1-8B-Instruct,ame_bre_1722,BrE,unrivalled,-6.467782,-16.574942,final
Llama-3.1-8B-Instruct,ame_bre_1374,AmE,recognizes,-27.866362,-3.990126,final
Llama-3.1-8B-Instruct,ame_bre_1374,BrE,recognises,-21.898443,-4.30171,final
Llama-3.1-8B-Instruct,ame_bre_1242,AmE,philosophize,-18.891396,-1.49236,final
Llama-3.1-8B-Instruct,ame_bre_1242,BrE,philosophise,-18.134163,-2.177326,final
Llama-3.1-8B-Instruct,ame_bre_1305,AmE,professionalization,-4.034191,1.620554,final
Llama-3.1-8B-Instruct,ame_bre_1305,BrE,professionalisation,-3.348225,1.448438,final
Llama-3.1-8B-Instruct,ame_bre_0381,AmE,demilitarize,-16.836132,-0.8862,final
Llama-3.1-8B-Instruct,ame_bre_0381,BrE,demilitarise,-16.348545,-1.076996,final
StableLM-2-1.6B-Base,ame_bre_0400,AmE,demoralize,-34.163143,-3.685261,final
StableLM-2-1.6B-Base,ame_bre_0400,BrE,demoralise,-32.627174,-4.600028,final
StableLM-2-1.6B-Base,ame_bre_1400,AmE,reveler,-0.387641,-23.769533,final
StableLM-2-1.6B-Base,ame_bre_1400,BrE,reveller,-3.086998,-21.468792,final
StableLM-2-1.6B-Base,ame_bre_1292,AmE,pretenses,-36.146999,3.415624,final
StableLM-2-1.6B-Base,ame_bre_1292,BrE,pretences,-37.504265,2.571175,final
StableLM-2-1.6B-Base,ame_bre_0447,AmE,disemboweling,-11.39286,17.59457,final
StableLM-2-1.6B-Base,ame_bre_0447,BrE,disembowelling,-10.942329,17.625484,final
StableLM-2-1.6B-Base,ame_bre_1778,AmE,vulgarizes,-43.166145,8.789291,final
StableLM-2-1.6B-Base,ame_bre_1778,BrE,vulgarises,-45.276215,8.439165,final
StableLM-2-1.6B-Base,ame_bre_1325,AmE,psychoanalyze,-13.385843,30.889439,final
StableLM-2-1.6B-Base,ame_bre_1325,BrE,psychoanalyse,-7.667363,22.751307,final
StableLM-2-1.6B-Base,ame_bre_1692,AmE,trivialize,-6.64996,40.380066,final
StableLM-2-1.6B-Base,ame_bre_1692,BrE,trivialise,-5.24535,41.033913,final
StableLM-2-1.6B-Base,ame_bre_1216,AmE,pederast,-11.814472,21.029469,final
StableLM-2-1.6B-Base,ame_bre_1216,BrE,paederast,-9.576078,17.949121,final
StableLM-2-1.6B-Base,ame_bre_0440,AmE,digitizes,72.111504,17.371208,final
StableLM-2-1.6B-Base,ame_bre_0440,BrE,digitises,73.080788,16.949514,final
StableLM-2-1.6B-Base,ame_bre_1192,AmE,parlors,17.754555,-41.092876,final
StableLM-2-1.6B-Base,ame_bre_1192,BrE,parlours,18.138649,-42.10231,final
StableLM-2-1.6B-Base,ame_bre_1504,AmE,siphoning,43.209415,4.182534,final
StableLM-2-1.6B-Base,ame_bre_1504,BrE,syphoning,43.17347,2.321415,final
StableLM-2-1.6B-Base,ame_bre_1011,AmE,mesmerized,5.37864,-21.713343,final
StableLM-2-1.6B-Base,ame_bre_1011,BrE,mesmerised,5.102302,-21.442436,final
StableLM-2-1.6B-Base,ame_bre_0738,AmE,harboring,-10.468975,-20.541555,final
StableLM-2-1.6B-Base,ame_bre_0738,BrE,harbouring,-3.662485,-15.479456,final
StableLM-2-1.6B-Base,ame_bre_1654,AmE,theater,58.556599,18.278221,final
StableLM-2-1.6B-Base,ame_bre_1654,BrE,theatre,59.620834,19.154661,final
StableLM-2-1.6B-Base,ame_bre_0969,AmE,maneuvered,79.801483,15.697179,final
StableLM-2-1.6B-Base,ame_bre_0969,BrE,manoeuvred,54.963093,2.41619,final
StableLM-2-1.6B-Base,ame_bre_0748,AmE,hematology,-54.133663,12.562956,final
StableLM-2-1.6B-Base,ame_bre_0748,BrE,haematology,-46.457161,5.246556,final
StableLM-2-1.6B-Base,ame_bre_0578,AmE,factorize,-47.148857,20.014256,final
StableLM-2-1.6B-Base,ame_bre_0578,BrE,factorise,-42.470093,18.43424,final
StableLM-2-1.6B-Base,ame_bre_0945,AmE,liquidizers,-3.511633,-11.502622,final
StableLM-2-1.6B-Base,ame_bre_0945,BrE,liquidisers,-2.235438,-11.515934,final
StableLM-2-1.6B-Base,ame_bre_1324,AmE,proselytizing,19.678253,-49.628342,final
StableLM-2-1.6B-Base,ame_bre_1324,BrE,proselytising,18.564991,-49.024189,final
StableLM-2-1.6B-Base,ame_bre_1181,AmE,paneling,74.305817,20.805784,final
StableLM-2-1.6B-Base,ame_bre_1181,BrE,panelling,52.128761,15.023417,final
StableLM-2-1.6B-Base,ame_bre_0075,AmE,appetizingly,18.520859,-38.422951,final
StableLM-2-1.6B-Base,ame_bre_0075,BrE,appetisingly,20.955004,-40.041252,final
StableLM-2-1.6B-Base,ame_bre_1718,AmE,unraveled,-47.277557,4.591204,final
StableLM-2-1.6B-Base,ame_bre_1718,BrE,unravelled,-33.735256,10.828841,final
StableLM-2-1.6B-Base,ame_bre_1192,AmE,parlors,-3.898273,-19.734314,final
StableLM-2-1.6B-Base,ame_bre_1192,BrE,parlours,-2.714159,-19.844452,final
StableLM-2-1.6B-Base,ame_bre_1761,AmE,vigor,-12.004346,-44.681324,final
StableLM-2-1.6B-Base,ame_bre_1761,BrE,vigour,15.838146,-43.936752,final
StableLM-2-1.6B-Base,ame_bre_1603,AmE,summarizing,-65.70076,8.150175,final
StableLM-2-1.6B-Base,ame_bre_1603,BrE,summarising,-65.784286,7.862733,final
StableLM-2-1.6B-Base,ame_bre_1341,AmE,quarreled,12.886061,-46.355003,final
StableLM-2-1.6B-Base,ame_bre_1341,BrE,quarrelled,35.611889,-41.336403,final
StableLM-2-1.6B-Base,ame_bre_0287,AmE,colorfully,6.560075,43.55135,final
StableLM-2-1.6B-Base,ame_bre_0287,BrE,colourfully,8.63828,42.960392,final
StableLM-2-1.6B-Base,ame_bre_0236,AmE,cesarean,-35.461205,0.951742,final
StableLM-2-1.6B-Base,ame_bre_0236,BrE,caesarean,-34.702667,-2.0862,final
StableLM-2-1.6B-Base,ame_bre_1546,AmE,spiraling,-17.152002,-17.21228,final
StableLM-2-1.6B-Base,ame_bre_1546,BrE,spiralling,-11.65927,-18.062113,final
StableLM-2-1.6B-Base,ame_bre_0639,AmE,finalizing,-9.704281,-9.819833,final
StableLM-2-1.6B-Base,ame_bre_0639,BrE,finalising,-10.029551,-10.422646,final
StableLM-2-1.6B-Base,ame_bre_1345,AmE,radicalizes,21.99614,-35.370136,final
StableLM-2-1.6B-Base,ame_bre_1345,BrE,radicalises,24.045931,-36.666397,final
StableLM-2-1.6B-Base,ame_bre_0041,AmE,analyzing,-8.414512,39.579472,final
StableLM-2-1.6B-Base,ame_bre_0041,BrE,analysing,-13.334488,31.441105,final
StableLM-2-1.6B-Base,ame_bre_0008,AmE,acclimatizes,43.657784,1.029215,final
StableLM-2-1.6B-Base,ame_bre_0008,BrE,acclimatises,40.602413,-3.436128,final
StableLM-2-1.6B-Base,ame_bre_1167,AmE,overemphasizing,-42.088261,0.092524,final
StableLM-2-1.6B-Base,ame_bre_1167,BrE,overemphasising,-40.349094,-0.151089,final
StableLM-2-1.6B-Base,ame_bre_0785,AmE,humorless,82.605453,13.713657,final
StableLM-2-1.6B-Base,ame_bre_0785,BrE,humourless,83.581337,13.542105,final
StableLM-2-1.6B-Base,ame_bre_0196,AmE,carbonized,-11.466473,-9.389635,final
StableLM-2-1.6B-Base,ame_bre_0196,BrE,carbonised,-7.030548,-10.187908,final
StableLM-2-1.6B-Base,ame_bre_0755,AmE,hemorrhages,-1.708083,-20.785616,final
StableLM-2-1.6B-Base,ame_bre_0755,BrE,haemorrhages,-6.01775,-24.918583,final
StableLM-2-1.6B-Base,ame_bre_1348,AmE,rancor,-35.566551,-3.530952,final
StableLM-2-1.6B-Base,ame_bre_1348,BrE,rancour,-35.065487,-2.365073,final
StableLM-2-1.6B-Base,ame_bre_0237,AmE,cesareans,13.856434,-45.263245,final
StableLM-2-1.6B-Base,ame_bre_0237,BrE,caesareans,11.902007,-46.265022,final
StableLM-2-1.6B-Base,ame_bre_0907,AmE,labors,-16.274303,29.152431,final
StableLM-2-1.6B-Base,ame_bre_0907,BrE,labours,-16.802969,29.93973,final
StableLM-2-1.6B-Base,ame_bre_1044,AmE,misdemeanors,-32.555336,2.317925,final
StableLM-2-1.6B-Base,ame_bre_1044,BrE,misdemeanours,-32.606506,1.892385,final
StableLM-2-1.6B-Base,ame_bre_0094,AmE,authorize,-9.731368,-13.499607,final
StableLM-2-1.6B-Base,ame_bre_0094,BrE,authorise,-1.543057,-14.820931,final
StableLM-2-1.6B-Base,ame_bre_1222,AmE,pedestrianizing,78.43528,16.951912,final
StableLM-2-1.6B-Base,ame_bre_1222,BrE,pedestrianising,78.748672,17.167933,final
StableLM-2-1.6B-Base,ame_bre_0565,AmE,exorcizing,-47.718327,-3.577485,final
StableLM-2-1.6B-Base,ame_bre_0565,BrE,exorcising,-49.496204,-3.712936,final
StableLM-2-1.6B-Base,ame_bre_0691,AmE,generalize,20.54801,-36.479969,final
StableLM-2-1.6B-Base,ame_bre_0691,BrE,generalise,29.012075,-30.549242,final
StableLM-2-1.6B-Base,ame_bre_0533,AmE,epitomized,17.647238,-44.580009,final
StableLM-2-1.6B-Base,ame_bre_0533,BrE,epitomised,17.355049,-45.545322,final
StableLM-2-1.6B-Base,ame_bre_1687,AmE,travelogs,3.451643,37.755638,final
StableLM-2-1.6B-Base,ame_bre_1687,BrE,travelogues,3.358918,34.38121,final
StableLM-2-1.6B-Base,ame_bre_1705,AmE,tyrannizing,6.736153,-49.919617,final
StableLM-2-1.6B-Base,ame_bre_1705,BrE,tyrannising,5.878048,-49.427811,final
StableLM-2-1.6B-Base,ame_bre_0116,AmE,bastardizes,-34.578087,8.005697,final
StableLM-2-1.6B-Base,ame_bre_0116,BrE,bastardises,-30.545074,7.849718,final
StableLM-2-1.6B-Base,ame_bre_1416,AmE,rigors,-14.843881,32.660217,final
StableLM-2-1.6B-Base,ame_bre_1416,BrE,rigours,-15.114356,31.104792,final
StableLM-2-1.6B-Base,ame_bre_1096,AmE,motorized,-25.900803,-8.357172,final
StableLM-2-1.6B-Base,ame_bre_1096,BrE,motorised,-19.437923,-8.186604,final
StableLM-2-1.6B-Base,ame_bre_0898,AmE,kilometer,-2.947131,37.273048,final
StableLM-2-1.6B-Base,ame_bre_0898,BrE,kilometre,-0.336226,35.35556,final
StableLM-2-1.6B-Base,ame_bre_0767,AmE,honorable,3.416722,38.181175,final
StableLM-2-1.6B-Base,ame_bre_0767,BrE,honourable,-2.57115,35.004982,final
StableLM-2-1.6B-Base,ame_bre_1557,AmE,stabilizing,-68.737305,3.459207,final
StableLM-2-1.6B-Base,ame_bre_1557,BrE,stabilising,-68.930984,3.030326,final
StableLM-2-1.6B-Base,ame_bre_1497,AmE,signaling,-64.261513,17.388729,final
StableLM-2-1.6B-Base,ame_bre_1497,BrE,signalling,-64.320496,18.423868,final
StableLM-2-1.6B-Base,ame_bre_1656,AmE,theatergoers,12.446445,-20.033926,final
StableLM-2-1.6B-Base,ame_bre_1656,BrE,theatregoers,1.642772,-23.892946,final
StableLM-2-1.6B-Base,ame_bre_0907,AmE,labors,-67.329147,4.297545,final
StableLM-2-1.6B-Base,ame_bre_0907,BrE,labours,-67.137756,5.39939,final
StableLM-2-1.6B-Base,ame_bre_1783,AmE,weaseled,-34.726677,2.272565,final
StableLM-2-1.6B-Base,ame_bre_1783,BrE,weaselled,-45.940403,0.139081,final
StableLM-2-1.6B-Base,ame_bre_0924,AmE,libeling,50.657864,6.448349,final
StableLM-2-1.6B-Base,ame_bre_0924,BrE,libelling,49.514214,7.716027,final
StableLM-2-1.6B-Base,ame_bre_1589,AmE,subsidizing,50.319439,10.673367,final
StableLM-2-1.6B-Base,ame_bre_1589,BrE,subsidising,50.733284,10.771055,final
StableLM-2-1.6B-Base,ame_bre_0583,AmE,familiarization,-35.118225,18.839483,final
StableLM-2-1.6B-Base,ame_bre_0583,BrE,familiarisation,-34.922333,19.012871,final
StableLM-2-1.6B-Base,ame_bre_0599,AmE,favorites,-12.145299,39.263481,final
StableLM-2-1.6B-Base,ame_bre_0599,BrE,favourites,-8.357476,40.894726,final
StableLM-2-1.6B-Base,ame_bre_1346,AmE,radicalizing,-0.860065,-14.676722,final
StableLM-2-1.6B-Base,ame_bre_1346,BrE,radicalising,0.631067,-15.181816,final
StableLM-2-1.6B-Base,ame_bre_0029,AmE,amortizations,-10.875854,-18.069843,final
StableLM-2-1.6B-Base,ame_bre_0029,BrE,amortisations,-16.651005,-17.967247,final
StableLM-2-1.6B-Base,ame_bre_0157,AmE,brutalize,11.509987,-18.388702,final
StableLM-2-1.6B-Base,ame_bre_0157,BrE,brutalise,11.255671,-17.702671,final
StableLM-2-1.6B-Base,ame_bre_1086,AmE,monopolization,-10.30104,-18.415983,final
StableLM-2-1.6B-Base,ame_bre_1086,BrE,monopolisation,-4.185107,-19.942278,final
StableLM-2-1.6B-Base,ame_bre_1225,AmE,pediatricians,-8.080026,-16.720602,final
StableLM-2-1.6B-Base,ame_bre_1225,BrE,paediatricians,-4.787282,-18.877907,final
StableLM-2-1.6B-Base,ame_bre_0610,AmE,fertilized,-63.137787,4.630879,final
StableLM-2-1.6B-Base,ame_bre_0610,BrE,fertilised,-62.762306,4.746021,final
StableLM-2-1.6B-Base,ame_bre_0602,AmE,fecal,33.748341,10.746424,final
StableLM-2-1.6B-Base,ame_bre_0602,BrE,faecal,33.193943,12.602467,final
StableLM-2-1.6B-Base,ame_bre_1309,AmE,professionalizing,-3.63454,-10.835436,final
StableLM-2-1.6B-Base,ame_bre_1309,BrE,professionalising,-0.955534,-11.086817,final
StableLM-2-1.6B-Base,ame_bre_0911,AmE,legalized,-12.17065,-35.595299,final
StableLM-2-1.6B-Base,ame_bre_0911,BrE,legalised,-8.779175,-27.150536,final
StableLM-2-1.6B-Base,ame_bre_0133,AmE,belaboring,-7.816324,2.295915,final
StableLM-2-1.6B-Base,ame_bre_0133,BrE,belabouring,-11.157637,-2.864607,final
StableLM-2-1.6B-Base,ame_bre_1129,AmE,normalizes,-27.622831,-8.132067,final
StableLM-2-1.6B-Base,ame_bre_1129,BrE,normalises,-10.434564,-11.308817,final
StableLM-2-1.6B-Base,ame_bre_1038,AmE,minimize,-11.803854,41.747799,final
StableLM-2-1.6B-Base,ame_bre_1038,BrE,minimise,-9.362579,42.632133,final
StableLM-2-1.6B-Base,ame_bre_0967,AmE,maneuverability,-8.824961,38.777058,final
StableLM-2-1.6B-Base,ame_bre_0967,BrE,manoeuvrability,-5.726201,18.929417,final
StableLM-2-1.6B-Base,ame_bre_0543,AmE,equalizing,77.515564,20.91301,final
StableLM-2-1.6B-Base,ame_bre_0543,BrE,equalising,78.272354,20.54822,final
StableLM-2-1.6B-Base,ame_bre_1664,AmE,tires,50.818157,12.616377,final
StableLM-2-1.6B-Base,ame_bre_1664,BrE,tyres,58.435314,17.644075,final
StableLM-2-1.6B-Base,ame_bre_0625,AmE,fictionalize,17.619164,-13.265107,final
StableLM-2-1.6B-Base,ame_bre_0625,BrE,fictionalise,16.905518,-13.016437,final
StableLM-2-1.6B-Base,ame_bre_1466,AmE,sensationalizes,81.089874,11.127583,final
StableLM-2-1.6B-Base,ame_bre_1466,BrE,sensationalises,81.011124,11.513206,final
StableLM-2-1.6B-Base,ame_bre_1788,AmE,westernizes,65.974915,17.25741,final
StableLM-2-1.6B-Base,ame_bre_1788,BrE,westernises,65.618599,16.975969,final
StableLM-2-1.6B-Base,ame_bre_1200,AmE,passivizes,-61.789742,4.484961,final
StableLM-2-1.6B-Base,ame_bre_1200,BrE,passivises,-66.056625,2.233621,final
StableLM-2-1.6B-Base,ame_bre_0887,AmE,jeopardize,-40.921539,3.489452,final
StableLM-2-1.6B-Base,ame_bre_0887,BrE,jeopardise,-37.038723,2.403337,final
StableLM-2-1.6B-Base,ame_bre_0504,AmE,emphasizing,60.7873,19.73214,final
StableLM-2-1.6B-Base,ame_bre_0504,BrE,emphasising,53.987484,12.378674,final
StableLM-2-1.6B-Base,ame_bre_0479,AmE,dramatizes,-3.462294,-23.846046,final
StableLM-2-1.6B-Base,ame_bre_0479,BrE,dramatises,3.734227,-20.836613,final
StableLM-2-1.6B-Base,ame_bre_0045,AmE,anesthetic,-15.647567,-16.569952,final
StableLM-2-1.6B-Base,ame_bre_0045,BrE,anaesthetic,-9.870243,-17.661785,final
StableLM-2-1.6B-Base,ame_bre_1262,AmE,polarization,-53.107906,17.080853,final
StableLM-2-1.6B-Base,ame_bre_1262,BrE,polarisation,-44.547314,16.570148,final
StableLM-2-1.6B-Base,ame_bre_1545,AmE,spiraled,-4.994742,-17.009357,final
StableLM-2-1.6B-Base,ame_bre_1545,BrE,spiralled,-3.76672,-18.179169,final
StableLM-2-1.6B-Base,ame_bre_1289,AmE,pressurizes,-59.594009,7.244178,final
StableLM-2-1.6B-Base,ame_bre_1289,BrE,pressurises,-53.683586,6.621942,final
StableLM-2-1.6B-Base,ame_bre_0338,AmE,criminalizes,12.217886,-28.907892,final
StableLM-2-1.6B-Base,ame_bre_0338,BrE,criminalises,15.234504,-28.808521,final
StableLM-2-1.6B-Base,ame_bre_0406,AmE,denationalized,-2.238676,-39.681854,final
StableLM-2-1.6B-Base,ame_bre_0406,BrE,denationalised,-0.719069,-39.281105,final
StableLM-2-1.6B-Base,ame_bre_0825,AmE,impaneling,67.28019,8.276827,final
StableLM-2-1.6B-Base,ame_bre_0825,BrE,impanelling,43.917835,6.745687,final
StableLM-2-1.6B-Base,ame_bre_0693,AmE,generalizes,78.163612,18.613964,final
StableLM-2-1.6B-Base,ame_bre_0693,BrE,generalises,78.5952,18.742783,final
StableLM-2-1.6B-Base,ame_bre_0346,AmE,crystallization,48.868416,12.909542,final
StableLM-2-1.6B-Base,ame_bre_0346,BrE,crystallisation,49.596085,12.562385,final
StableLM-2-1.6B-Base,ame_bre_0729,AmE,grueling,16.983988,-43.725365,final
StableLM-2-1.6B-Base,ame_bre_0729,BrE,gruelling,14.409897,-46.067181,final
StableLM-2-1.6B-Base,ame_bre_1165,AmE,overemphasized,51.081905,4.417365,final
StableLM-2-1.6B-Base,ame_bre_1165,BrE,overemphasised,51.55822,4.440347,final
StableLM-2-1.6B-Base,ame_bre_0946,AmE,liquidizes,76.724091,20.32658,final
StableLM-2-1.6B-Base,ame_bre_0946,BrE,liquidises,77.022133,20.284712,final
StableLM-2-1.6B-Base,ame_bre_1055,AmE,modelers,-58.574547,19.740509,final
StableLM-2-1.6B-Base,ame_bre_1055,BrE,modellers,-63.176067,11.238111,final
StableLM-2-1.6B-Base,ame_bre_0799,AmE,idealization,-0.619624,-13.004889,final
StableLM-2-1.6B-Base,ame_bre_0799,BrE,idealisation,1.834667,-13.514579,final
StableLM-2-1.6B-Base,ame_bre_1590,AmE,succor,-7.875598,29.323095,final
StableLM-2-1.6B-Base,ame_bre_1590,BrE,succour,-9.188325,29.228741,final
StableLM-2-1.6B-Base,ame_bre_1132,AmE,odor,54.899109,15.428195,final
StableLM-2-1.6B-Base,ame_bre_1132,BrE,odour,50.456753,9.407958,final
StableLM-2-1.6B-Base,ame_bre_1428,AmE,saber,35.252712,13.244068,final
StableLM-2-1.6B-Base,ame_bre_1428,BrE,sabre,35.609257,7.907188,final
StableLM-2-1.6B-Base,ame_bre_1040,AmE,minimizes,-15.358674,-13.536616,final
StableLM-2-1.6B-Base,ame_bre_1040,BrE,minimises,-6.287186,-16.347782,final
StableLM-2-1.6B-Base,ame_bre_0979,AmE,marshaled,14.506966,-39.28891,final
StableLM-2-1.6B-Base,ame_bre_0979,BrE,marshalled,17.72077,-39.337799,final
StableLM-2-1.6B-Base,ame_bre_0305,AmE,computerizes,-3.878931,-12.237696,final
StableLM-2-1.6B-Base,ame_bre_0305,BrE,computerises,-5.798818,-12.947675,final
StableLM-2-1.6B-Base,ame_bre_1170,AmE,oxidize,52.035164,11.354586,final
StableLM-2-1.6B-Base,ame_bre_1170,BrE,oxidise,52.544174,10.95507,final
StableLM-2-1.6B-Base,ame_bre_1443,AmE,savories,-11.055996,27.986158,final
StableLM-2-1.6B-Base,ame_bre_1443,BrE,savouries,-8.210766,25.062601,final
StableLM-2-1.6B-Base,ame_bre_0996,AmE,mechanization,-7.576782,-17.146173,final
StableLM-2-1.6B-Base,ame_bre_0996,BrE,mechanisation,-4.90753,-17.559698,final
StableLM-2-1.6B-Base,ame_bre_0084,AmE,ardor,-48.130627,3.01313,final
StableLM-2-1.6B-Base,ame_bre_0084,BrE,ardour,-54.508507,3.383536,final
StableLM-2-1.6B-Base,ame_bre_1382,AmE,regularization,-44.098503,16.597771,final
StableLM-2-1.6B-Base,ame_bre_1382,BrE,regularisation,-45.76318,18.646648,final
StableLM-2-1.6B-Base,ame_bre_0088,AmE,armorers,-15.326686,38.015327,final
StableLM-2-1.6B-Base,ame_bre_0088,BrE,armourers,-12.446495,38.856544,final
StableLM-2-1.6B-Base,ame_bre_0135,AmE,beveled,-3.162733,42.380451,final
StableLM-2-1.6B-Base,ame_bre_0135,BrE,bevelled,2.038052,43.85569,final
StableLM-2-1.6B-Base,ame_bre_1477,AmE,sepulchers,11.460247,-44.104729,final
StableLM-2-1.6B-Base,ame_bre_1477,BrE,sepulchres,10.870642,-45.910027,final
StableLM-2-1.6B-Base,ame_bre_0914,AmE,legitimize,-51.596241,8.256276,final
StableLM-2-1.6B-Base,ame_bre_0914,BrE,legitimise,-48.433228,3.264565,final
StableLM-2-1.6B-Base,ame_bre_1764,AmE,visualize,59.667889,19.084385,final
StableLM-2-1.6B-Base,ame_bre_1764,BrE,visualise,76.41362,20.130589,final
StableLM-2-1.6B-Base,ame_bre_1634,AmE,systematizing,3.056061,-30.219643,final
StableLM-2-1.6B-Base,ame_bre_1634,BrE,systematising,7.20716,-31.380081,final
StableLM-2-1.6B-Base,ame_bre_1722,AmE,unrivaled,-10.00875,26.182999,final
StableLM-2-1.6B-Base,ame_bre_1722,BrE,unrivalled,-9.037297,26.804802,final
StableLM-2-1.6B-Base,ame_bre_1374,AmE,recognizes,-63.129333,12.843451,final
StableLM-2-1.6B-Base,ame_bre_1374,BrE,recognises,-56.165779,5.633723,final
StableLM-2-1.6B-Base,ame_bre_1242,AmE,philosophize,-31.508215,3.178771,final
StableLM-2-1.6B-Base,ame_bre_1242,BrE,philosophise,-39.814701,1.980682,final
StableLM-2-1.6B-Base,ame_bre_1305,AmE,professionalization,-0.515192,-9.915236,final
StableLM-2-1.6B-Base,ame_bre_1305,BrE,professionalisation,-0.358397,-10.019488,final
StableLM-2-1.6B-Base,ame_bre_0381,AmE,demilitarize,-48.839706,-6.74946,final
StableLM-2-1.6B-Base,ame_bre_0381,BrE,demilitarise,-48.427689,-7.065146,final
StableLM-2-Zephyr-1.6B,ame_bre_0400,AmE,demoralize,-16.111576,-5.743594,final
StableLM-2-Zephyr-1.6B,ame_bre_0400,BrE,demoralise,-17.561724,-5.09898,final
StableLM-2-Zephyr-1.6B,ame_bre_1400,AmE,reveler,-2.939156,23.254293,final
StableLM-2-Zephyr-1.6B,ame_bre_1400,BrE,reveller,-8.475709,24.791613,final
StableLM-2-Zephyr-1.6B,ame_bre_1292,AmE,pretenses,-22.114281,-5.55648,final
StableLM-2-Zephyr-1.6B,ame_bre_1292,BrE,pretences,-22.368692,-5.919583,final
StableLM-2-Zephyr-1.6B,ame_bre_0447,AmE,disemboweling,-4.282845,-38.209305,final
StableLM-2-Zephyr-1.6B,ame_bre_0447,BrE,disembowelling,-3.265057,-38.392166,final
StableLM-2-Zephyr-1.6B,ame_bre_1778,AmE,vulgarizes,-25.214825,4.507941,final
StableLM-2-Zephyr-1.6B,ame_bre_1778,BrE,vulgarises,-33.02869,10.69215,final
StableLM-2-Zephyr-1.6B,ame_bre_1325,AmE,psychoanalyze,-10.054137,-40.336769,final
StableLM-2-Zephyr-1.6B,ame_bre_1325,BrE,psychoanalyse,-0.991014,-43.35318,final
StableLM-2-Zephyr-1.6B,ame_bre_1692,AmE,trivialize,-7.657989,-43.532516,final
StableLM-2-Zephyr-1.6B,ame_bre_1692,BrE,trivialise,-1.324044,-48.292885,final
StableLM-2-Zephyr-1.6B,ame_bre_1216,AmE,pederast,-8.268002,-39.674194,final
StableLM-2-Zephyr-1.6B,ame_bre_1216,BrE,paederast,-7.58726,-39.482483,final
StableLM-2-Zephyr-1.6B,ame_bre_0440,AmE,digitizes,51.69788,3.767181,final
StableLM-2-Zephyr-1.6B,ame_bre_0440,BrE,digitises,51.080349,4.146602,final
StableLM-2-Zephyr-1.6B,ame_bre_1192,AmE,parlors,20.447639,-3.597965,final
StableLM-2-Zephyr-1.6B,ame_bre_1192,BrE,parlours,18.676455,-1.915637,final
StableLM-2-Zephyr-1.6B,ame_bre_1504,AmE,siphoning,36.596333,4.032759,final
StableLM-2-Zephyr-1.6B,ame_bre_1504,BrE,syphoning,29.864483,7.139349,final
StableLM-2-Zephyr-1.6B,ame_bre_1011,AmE,mesmerized,2.125807,19.152657,final
StableLM-2-Zephyr-1.6B,ame_bre_1011,BrE,mesmerised,2.048711,19.024151,final
StableLM-2-Zephyr-1.6B,ame_bre_0738,AmE,harboring,-19.633066,32.355015,final
StableLM-2-Zephyr-1.6B,ame_bre_0738,BrE,harbouring,-12.229519,34.387623,final
StableLM-2-Zephyr-1.6B,ame_bre_1654,AmE,theater,38.371906,10.359795,final
StableLM-2-Zephyr-1.6B,ame_bre_1654,BrE,theatre,40.77422,8.009654,final
StableLM-2-Zephyr-1.6B,ame_bre_0969,AmE,maneuvered,61.206875,-2.494047,final
StableLM-2-Zephyr-1.6B,ame_bre_0969,BrE,manoeuvred,42.378574,1.109295,final
StableLM-2-Zephyr-1.6B,ame_bre_0748,AmE,hematology,-37.507542,0.583292,final
StableLM-2-Zephyr-1.6B,ame_bre_0748,BrE,haematology,-29.221478,-3.187952,final
StableLM-2-Zephyr-1.6B,ame_bre_0578,AmE,factorize,-32.826599,-0.073651,final
StableLM-2-Zephyr-1.6B,ame_bre_0578,BrE,factorise,-29.247515,-1.068449,final
StableLM-2-Zephyr-1.6B,ame_bre_0945,AmE,liquidizers,-4.826064,20.747414,final
StableLM-2-Zephyr-1.6B,ame_bre_0945,BrE,liquidisers,-3.212501,19.656918,final
StableLM-2-Zephyr-1.6B,ame_bre_1324,AmE,proselytizing,25.241024,-6.620856,final
StableLM-2-Zephyr-1.6B,ame_bre_1324,BrE,proselytising,23.811718,-5.599341,final
StableLM-2-Zephyr-1.6B,ame_bre_1181,AmE,paneling,47.775078,3.458107,final
StableLM-2-Zephyr-1.6B,ame_bre_1181,BrE,panelling,37.379105,6.079999,final
StableLM-2-Zephyr-1.6B,ame_bre_0075,AmE,appetizingly,27.443001,-7.870418,final
StableLM-2-Zephyr-1.6B,ame_bre_0075,BrE,appetisingly,25.122952,-8.43614,final
StableLM-2-Zephyr-1.6B,ame_bre_1718,AmE,unraveled,-20.793329,-4.004324,final
StableLM-2-Zephyr-1.6B,ame_bre_1718,BrE,unravelled,-10.143539,-9.43799,final
StableLM-2-Zephyr-1.6B,ame_bre_1192,AmE,parlors,1.430959,12.081509,final
StableLM-2-Zephyr-1.6B,ame_bre_1192,BrE,parlours,1.717028,11.843705,final
StableLM-2-Zephyr-1.6B,ame_bre_1761,AmE,vigor,-3.737653,17.389187,final
StableLM-2-Zephyr-1.6B,ame_bre_1761,BrE,vigour,20.973597,-3.463388,final
StableLM-2-Zephyr-1.6B,ame_bre_1603,AmE,summarizing,-51.189308,9.720478,final
StableLM-2-Zephyr-1.6B,ame_bre_1603,BrE,summarising,-50.704899,9.113852,final
StableLM-2-Zephyr-1.6B,ame_bre_1341,AmE,quarreled,24.227486,0.170012,final
StableLM-2-Zephyr-1.6B,ame_bre_1341,BrE,quarrelled,31.180704,-4.388453,final
StableLM-2-Zephyr-1.6B,ame_bre_0287,AmE,colorfully,-4.049929,-48.311836,final
StableLM-2-Zephyr-1.6B,ame_bre_0287,BrE,colourfully,-2.435075,-49.490833,final
StableLM-2-Zephyr-1.6B,ame_bre_0236,AmE,cesarean,-31.453518,1.646106,final
StableLM-2-Zephyr-1.6B,ame_bre_0236,BrE,caesarean,-25.37532,-0.611414,final
StableLM-2-Zephyr-1.6B,ame_bre_1546,AmE,spiraling,-12.953766,29.485842,final
StableLM-2-Zephyr-1.6B,ame_bre_1546,BrE,spiralling,-9.452031,27.319382,final
StableLM-2-Zephyr-1.6B,ame_bre_0639,AmE,finalizing,-20.712227,32.01347,final
StableLM-2-Zephyr-1.6B,ame_bre_0639,BrE,finalising,-17.978512,30.145849,final
StableLM-2-Zephyr-1.6B,ame_bre_1345,AmE,radicalizes,29.092388,-1.785153,final
StableLM-2-Zephyr-1.6B,ame_bre_1345,BrE,radicalises,29.623062,-3.611234,final
StableLM-2-Zephyr-1.6B,ame_bre_0041,AmE,analyzing,-9.798803,-45.560528,final
StableLM-2-Zephyr-1.6B,ame_bre_0041,BrE,analysing,-14.420476,-40.169487,final
StableLM-2-Zephyr-1.6B,ame_bre_0008,AmE,acclimatizes,36.698307,3.286299,final
StableLM-2-Zephyr-1.6B,ame_bre_0008,BrE,acclimatises,36.660011,0.882205,final
StableLM-2-Zephyr-1.6B,ame_bre_1167,AmE,overemphasizing,-14.521552,-8.659738,final
StableLM-2-Zephyr-1.6B,ame_bre_1167,BrE,overemphasising,-14.299443,-8.636081,final
StableLM-2-Zephyr-1.6B,ame_bre_0785,AmE,humorless,59.630524,0.004333,final
StableLM-2-Zephyr-1.6B,ame_bre_0785,BrE,humourless,59.825447,-0.782395,final
StableLM-2-Zephyr-1.6B,ame_bre_0196,AmE,carbonized,-10.907633,25.386467,final
StableLM-2-Zephyr-1.6B,ame_bre_0196,BrE,carbonised,-5.799452,21.571119,final
StableLM-2-Zephyr-1.6B,ame_bre_0755,AmE,hemorrhages,5.659947,14.873975,final
StableLM-2-Zephyr-1.6B,ame_bre_0755,BrE,haemorrhages,8.161684,8.476566,final
StableLM-2-Zephyr-1.6B,ame_bre_1348,AmE,rancor,-25.8918,2.089645,final
StableLM-2-Zephyr-1.6B,ame_bre_1348,BrE,rancour,-20.347185,-1.396569,final
StableLM-2-Zephyr-1.6B,ame_bre_0237,AmE,cesareans,18.006353,-0.402063,final
StableLM-2-Zephyr-1.6B,ame_bre_0237,BrE,caesareans,18.70314,-2.569778,final
StableLM-2-Zephyr-1.6B,ame_bre_0907,AmE,labors,-16.516739,-42.741249,final
StableLM-2-Zephyr-1.6B,ame_bre_0907,BrE,labours,-16.764799,-42.8279,final
StableLM-2-Zephyr-1.6B,ame_bre_1044,AmE,misdemeanors,-15.920711,-9.254438,final
StableLM-2-Zephyr-1.6B,ame_bre_1044,BrE,misdemeanours,-15.589459,-9.974591,final
StableLM-2-Zephyr-1.6B,ame_bre_0094,AmE,authorize,-12.30093,24.742323,final
StableLM-2-Zephyr-1.6B,ame_bre_0094,BrE,authorise,-3.202491,24.791292,final
StableLM-2-Zephyr-1.6B,ame_bre_1222,AmE,pedestrianizing,60.186577,-4.192708,final
StableLM-2-Zephyr-1.6B,ame_bre_1222,BrE,pedestrianising,60.011208,-4.870606,final
StableLM-2-Zephyr-1.6B,ame_bre_0565,AmE,exorcizing,-33.73521,5.439128,final
StableLM-2-Zephyr-1.6B,ame_bre_0565,BrE,exorcising,-35.065842,5.362919,final
StableLM-2-Zephyr-1.6B,ame_bre_0691,AmE,generalize,16.739521,0.252761,final
StableLM-2-Zephyr-1.6B,ame_bre_0691,BrE,generalise,13.234792,2.536419,final
StableLM-2-Zephyr-1.6B,ame_bre_0533,AmE,epitomized,26.721729,-8.882126,final
StableLM-2-Zephyr-1.6B,ame_bre_0533,BrE,epitomised,27.621943,-9.625617,final
StableLM-2-Zephyr-1.6B,ame_bre_1687,AmE,travelogs,-1.417907,-54.861404,final
StableLM-2-Zephyr-1.6B,ame_bre_1687,BrE,travelogues,-0.66884,-50.503456,final
StableLM-2-Zephyr-1.6B,ame_bre_1705,AmE,tyrannizing,20.817486,0.831133,final
StableLM-2-Zephyr-1.6B,ame_bre_1705,BrE,tyrannising,21.903561,0.506743,final
StableLM-2-Zephyr-1.6B,ame_bre_0116,AmE,bastardizes,-8.811006,-6.244376,final
StableLM-2-Zephyr-1.6B,ame_bre_0116,BrE,bastardises,-4.08681,-8.456649,final
StableLM-2-Zephyr-1.6B,ame_bre_1416,AmE,rigors,-13.421664,-44.686081,final
StableLM-2-Zephyr-1.6B,ame_bre_1416,BrE,rigours,-12.497574,-43.823498,final
StableLM-2-Zephyr-1.6B,ame_bre_1096,AmE,motorized,-29.839911,33.396339,final
StableLM-2-Zephyr-1.6B,ame_bre_1096,BrE,motorised,-26.82543,32.966076,final
StableLM-2-Zephyr-1.6B,ame_bre_0898,AmE,kilometer,-8.564703,-43.887413,final
StableLM-2-Zephyr-1.6B,ame_bre_0898,BrE,kilometre,-4.819331,-44.882584,final
StableLM-2-Zephyr-1.6B,ame_bre_0767,AmE,honorable,0.462556,-49.156345,final
StableLM-2-Zephyr-1.6B,ame_bre_0767,BrE,honourable,-12.192045,-42.103245,final
StableLM-2-Zephyr-1.6B,ame_bre_1557,AmE,stabilizing,-52.722633,12.400232,final
StableLM-2-Zephyr-1.6B,ame_bre_1557,BrE,stabilising,-52.581856,10.91907,final
StableLM-2-Zephyr-1.6B,ame_bre_1497,AmE,signaling,-51.167637,10.147913,final
StableLM-2-Zephyr-1.6B,ame_bre_1497,BrE,signalling,-53.31546,10.431763,final
StableLM-2-Zephyr-1.6B,ame_bre_1656,AmE,theatergoers,-10.316518,26.824699,final
StableLM-2-Zephyr-1.6B,ame_bre_1656,BrE,theatregoers,-4.916155,25.86257,final
StableLM-2-Zephyr-1.6B,ame_bre_0907,AmE,labors,-49.712376,10.447306,final
StableLM-2-Zephyr-1.6B,ame_bre_0907,BrE,labours,-51.88147,12.078403,final
StableLM-2-Zephyr-1.6B,ame_bre_1783,AmE,weaseled,-29.018387,6.547403,final
StableLM-2-Zephyr-1.6B,ame_bre_1783,BrE,weaselled,-28.960884,9.29302,final
StableLM-2-Zephyr-1.6B,ame_bre_0924,AmE,libeling,37.749104,7.555291,final
StableLM-2-Zephyr-1.6B,ame_bre_0924,BrE,libelling,35.213882,7.723731,final
StableLM-2-Zephyr-1.6B,ame_bre_1589,AmE,subsidizing,34.626114,8.42706,final
StableLM-2-Zephyr-1.6B,ame_bre_1589,BrE,subsidising,35.450726,7.533456,final
StableLM-2-Zephyr-1.6B,ame_bre_0583,AmE,familiarization,-33.851818,-3.954285,final
StableLM-2-Zephyr-1.6B,ame_bre_0583,BrE,familiarisation,-33.80386,-3.072985,final
StableLM-2-Zephyr-1.6B,ame_bre_0599,AmE,favorites,-15.130876,-49.240074,final
StableLM-2-Zephyr-1.6B,ame_bre_0599,BrE,favourites,-14.973386,-48.808727,final
StableLM-2-Zephyr-1.6B,ame_bre_1346,AmE,radicalizing,-5.582221,25.57103,final
StableLM-2-Zephyr-1.6B,ame_bre_1346,BrE,radicalising,-1.244621,21.870861,final
StableLM-2-Zephyr-1.6B,ame_bre_0029,AmE,amortizations,-15.116716,27.878679,final
StableLM-2-Zephyr-1.6B,ame_bre_0029,BrE,amortisations,-20.756004,30.570602,final
StableLM-2-Zephyr-1.6B,ame_bre_0157,AmE,brutalize,7.207013,23.797569,final
StableLM-2-Zephyr-1.6B,ame_bre_0157,BrE,brutalise,6.989517,23.302898,final
StableLM-2-Zephyr-1.6B,ame_bre_1086,AmE,monopolization,-17.465521,23.219,final
StableLM-2-Zephyr-1.6B,ame_bre_1086,BrE,monopolisation,-5.019416,17.046778,final
StableLM-2-Zephyr-1.6B,ame_bre_1225,AmE,pediatricians,-12.342814,26.105915,final
StableLM-2-Zephyr-1.6B,ame_bre_1225,BrE,paediatricians,-2.42686,17.402025,final
StableLM-2-Zephyr-1.6B,ame_bre_0610,AmE,fertilized,-45.286983,9.643459,final
StableLM-2-Zephyr-1.6B,ame_bre_0610,BrE,fertilised,-43.603306,8.303401,final
StableLM-2-Zephyr-1.6B,ame_bre_0602,AmE,fecal,21.533859,16.544077,final
StableLM-2-Zephyr-1.6B,ame_bre_0602,BrE,faecal,20.248987,17.008512,final
StableLM-2-Zephyr-1.6B,ame_bre_1309,AmE,professionalizing,-7.866072,22.06127,final
StableLM-2-Zephyr-1.6B,ame_bre_1309,BrE,professionalising,-6.013134,22.233982,final
StableLM-2-Zephyr-1.6B,ame_bre_0911,AmE,legalized,2.560824,13.135576,final
StableLM-2-Zephyr-1.6B,ame_bre_0911,BrE,legalised,-1.876494,16.947929,final
StableLM-2-Zephyr-1.6B,ame_bre_0133,AmE,belaboring,-1.021766,-11.872226,final
StableLM-2-Zephyr-1.6B,ame_bre_0133,BrE,belabouring,-8.172913,-5.477912,final
StableLM-2-Zephyr-1.6B,ame_bre_1129,AmE,normalizes,-26.764685,27.581041,final
StableLM-2-Zephyr-1.6B,ame_bre_1129,BrE,normalises,-19.593475,24.363609,final
StableLM-2-Zephyr-1.6B,ame_bre_1038,AmE,minimize,-15.456896,-47.829636,final
StableLM-2-Zephyr-1.6B,ame_bre_1038,BrE,minimise,-13.417708,-47.518795,final
StableLM-2-Zephyr-1.6B,ame_bre_0967,AmE,maneuverability,-15.188971,-41.877674,final
StableLM-2-Zephyr-1.6B,ame_bre_0967,BrE,manoeuvrability,-2.13205,-42.83477,final
StableLM-2-Zephyr-1.6B,ame_bre_0543,AmE,equalizing,54.287918,-2.224016,final
StableLM-2-Zephyr-1.6B,ame_bre_0543,BrE,equalising,55.428673,-2.369535,final
StableLM-2-Zephyr-1.6B,ame_bre_1664,AmE,tires,28.945364,15.257202,final
StableLM-2-Zephyr-1.6B,ame_bre_1664,BrE,tyres,39.493904,9.439087,final
StableLM-2-Zephyr-1.6B,ame_bre_0625,AmE,fictionalize,3.641578,23.242491,final
StableLM-2-Zephyr-1.6B,ame_bre_0625,BrE,fictionalise,-0.95217,24.096529,final
StableLM-2-Zephyr-1.6B,ame_bre_1466,AmE,sensationalizes,59.015438,-0.5406,final
StableLM-2-Zephyr-1.6B,ame_bre_1466,BrE,sensationalises,57.749844,0.044174,final
StableLM-2-Zephyr-1.6B,ame_bre_1788,AmE,westernizes,47.710003,8.026672,final
StableLM-2-Zephyr-1.6B,ame_bre_1788,BrE,westernises,45.690567,8.250837,final
StableLM-2-Zephyr-1.6B,ame_bre_1200,AmE,passivizes,-46.857174,10.822993,final
StableLM-2-Zephyr-1.6B,ame_bre_1200,BrE,passivises,-47.369938,9.036645,final
StableLM-2-Zephyr-1.6B,ame_bre_0887,AmE,jeopardize,-27.858393,0.664678,final
StableLM-2-Zephyr-1.6B,ame_bre_0887,BrE,jeopardise,-20.98682,-4.014694,final
StableLM-2-Zephyr-1.6B,ame_bre_0504,AmE,emphasizing,40.330273,4.978909,final
StableLM-2-Zephyr-1.6B,ame_bre_0504,BrE,emphasising,39.175102,2.245205,final
StableLM-2-Zephyr-1.6B,ame_bre_0479,AmE,dramatizes,-1.016875,22.923433,final
StableLM-2-Zephyr-1.6B,ame_bre_0479,BrE,dramatises,2.907602,21.872053,final
StableLM-2-Zephyr-1.6B,ame_bre_0045,AmE,anesthetic,-19.650976,31.37496,final
StableLM-2-Zephyr-1.6B,ame_bre_0045,BrE,anaesthetic,-12.430411,24.942223,final
StableLM-2-Zephyr-1.6B,ame_bre_1262,AmE,polarization,-43.123093,6.403353,final
StableLM-2-Zephyr-1.6B,ame_bre_1262,BrE,polarisation,-32.139668,-3.292896,final
StableLM-2-Zephyr-1.6B,ame_bre_1545,AmE,spiraled,-0.282178,19.28665,final
StableLM-2-Zephyr-1.6B,ame_bre_1545,BrE,spiralled,-3.517663,22.470964,final
StableLM-2-Zephyr-1.6B,ame_bre_1289,AmE,pressurizes,-43.863457,10.625178,final
StableLM-2-Zephyr-1.6B,ame_bre_1289,BrE,pressurises,-36.851032,6.358677,final
StableLM-2-Zephyr-1.6B,ame_bre_0338,AmE,criminalizes,8.198756,14.959745,final
StableLM-2-Zephyr-1.6B,ame_bre_0338,BrE,criminalises,1.290211,19.550449,final
StableLM-2-Zephyr-1.6B,ame_bre_0406,AmE,denationalized,9.84157,2.641047,final
StableLM-2-Zephyr-1.6B,ame_bre_0406,BrE,denationalised,13.004635,-0.325603,final
StableLM-2-Zephyr-1.6B,ame_bre_0825,AmE,impaneling,52.610306,-2.417357,final
StableLM-2-Zephyr-1.6B,ame_bre_0825,BrE,impanelling,37.415756,4.060967,final
StableLM-2-Zephyr-1.6B,ame_bre_0693,AmE,generalizes,54.449196,1.185381,final
StableLM-2-Zephyr-1.6B,ame_bre_0693,BrE,generalises,54.371765,2.118829,final
StableLM-2-Zephyr-1.6B,ame_bre_0346,AmE,crystallization,31.680605,9.401449,final
StableLM-2-Zephyr-1.6B,ame_bre_0346,BrE,crystallisation,31.653105,8.882208,final
StableLM-2-Zephyr-1.6B,ame_bre_0729,AmE,grueling,28.858028,-9.538733,final
StableLM-2-Zephyr-1.6B,ame_bre_0729,BrE,gruelling,30.181713,-9.101083,final
StableLM-2-Zephyr-1.6B,ame_bre_1165,AmE,overemphasized,41.632969,1.405155,final
StableLM-2-Zephyr-1.6B,ame_bre_1165,BrE,overemphasised,42.380112,1.177658,final
StableLM-2-Zephyr-1.6B,ame_bre_0946,AmE,liquidizes,54.028721,0.979977,final
StableLM-2-Zephyr-1.6B,ame_bre_0946,BrE,liquidises,55.089828,-0.561763,final
StableLM-2-Zephyr-1.6B,ame_bre_1055,AmE,modelers,-41.280312,-3.24419,final
StableLM-2-Zephyr-1.6B,ame_bre_1055,BrE,modellers,-51.076591,8.407397,final
StableLM-2-Zephyr-1.6B,ame_bre_0799,AmE,idealization,-8.971661,21.4772,final
StableLM-2-Zephyr-1.6B,ame_bre_0799,BrE,idealisation,-6.08636,20.155237,final
StableLM-2-Zephyr-1.6B,ame_bre_1590,AmE,succor,-12.261413,-41.836433,final
StableLM-2-Zephyr-1.6B,ame_bre_1590,BrE,succour,-12.593108,-42.831322,final
StableLM-2-Zephyr-1.6B,ame_bre_1132,AmE,odor,34.025162,12.32767,final
StableLM-2-Zephyr-1.6B,ame_bre_1132,BrE,odour,34.997562,9.695623,final
StableLM-2-Zephyr-1.6B,ame_bre_1428,AmE,saber,25.424625,18.444975,final
StableLM-2-Zephyr-1.6B,ame_bre_1428,BrE,sabre,23.489697,18.772829,final
StableLM-2-Zephyr-1.6B,ame_bre_1040,AmE,minimizes,-19.313736,28.119822,final
StableLM-2-Zephyr-1.6B,ame_bre_1040,BrE,minimises,-7.94137,20.104162,final
StableLM-2-Zephyr-1.6B,ame_bre_0979,AmE,marshaled,17.996473,-0.959209,final
StableLM-2-Zephyr-1.6B,ame_bre_0979,BrE,marshalled,20.743372,-2.202349,final
StableLM-2-Zephyr-1.6B,ame_bre_0305,AmE,computerizes,-9.20599,27.451462,final
StableLM-2-Zephyr-1.6B,ame_bre_0305,BrE,computerises,-19.118343,33.723026,final
StableLM-2-Zephyr-1.6B,ame_bre_1170,AmE,oxidize,35.272194,8.33777,final
StableLM-2-Zephyr-1.6B,ame_bre_1170,BrE,oxidise,36.58403,6.92531,final
StableLM-2-Zephyr-1.6B,ame_bre_1443,AmE,savories,-10.314152,-43.755184,final
StableLM-2-Zephyr-1.6B,ame_bre_1443,BrE,savouries,-11.973417,-40.204372,final
StableLM-2-Zephyr-1.6B,ame_bre_0996,AmE,mechanization,-2.07796,14.037622,final
StableLM-2-Zephyr-1.6B,ame_bre_0996,BrE,mechanisation,-1.184922,14.385381,final
StableLM-2-Zephyr-1.6B,ame_bre_0084,AmE,ardor,-36.957458,7.635472,final
StableLM-2-Zephyr-1.6B,ame_bre_0084,BrE,ardour,-40.855961,8.287416,final
StableLM-2-Zephyr-1.6B,ame_bre_1382,AmE,regularization,-30.603792,-4.378392,final
StableLM-2-Zephyr-1.6B,ame_bre_1382,BrE,regularisation,-47.545238,5.972662,final
StableLM-2-Zephyr-1.6B,ame_bre_0088,AmE,armorers,-14.966307,-44.912205,final
StableLM-2-Zephyr-1.6B,ame_bre_0088,BrE,armourers,-13.583849,-44.330494,final
StableLM-2-Zephyr-1.6B,ame_bre_0135,AmE,beveled,-9.477503,-44.415443,final
StableLM-2-Zephyr-1.6B,ame_bre_0135,BrE,bevelled,-8.536493,-42.328754,final
StableLM-2-Zephyr-1.6B,ame_bre_1477,AmE,sepulchers,18.926588,-1.44333,final
StableLM-2-Zephyr-1.6B,ame_bre_1477,BrE,sepulchres,22.477571,-3.975435,final
StableLM-2-Zephyr-1.6B,ame_bre_0914,AmE,legitimize,-37.409122,4.706491,final
StableLM-2-Zephyr-1.6B,ame_bre_0914,BrE,legitimise,-35.530167,6.481434,final
StableLM-2-Zephyr-1.6B,ame_bre_1764,AmE,visualize,40.297703,7.171092,final
StableLM-2-Zephyr-1.6B,ame_bre_1764,BrE,visualise,55.829685,-1.206359,final
StableLM-2-Zephyr-1.6B,ame_bre_1634,AmE,systematizing,8.098708,5.077719,final
StableLM-2-Zephyr-1.6B,ame_bre_1634,BrE,systematising,10.377498,1.417204,final
StableLM-2-Zephyr-1.6B,ame_bre_1722,AmE,unrivaled,-8.019631,-42.519981,final
StableLM-2-Zephyr-1.6B,ame_bre_1722,BrE,unrivalled,-9.871056,-42.053051,final
StableLM-2-Zephyr-1.6B,ame_bre_1374,AmE,recognizes,-39.040722,0.871735,final
StableLM-2-Zephyr-1.6B,ame_bre_1374,BrE,recognises,-36.854626,1.839616,final
StableLM-2-Zephyr-1.6B,ame_bre_1242,AmE,philosophize,-20.327198,-1.916349,final
StableLM-2-Zephyr-1.6B,ame_bre_1242,BrE,philosophise,-35.286415,8.512991,final
StableLM-2-Zephyr-1.6B,ame_bre_1305,AmE,professionalization,-6.252489,19.167166,final
StableLM-2-Zephyr-1.6B,ame_bre_1305,BrE,professionalisation,-6.105434,18.552862,final
StableLM-2-Zephyr-1.6B,ame_bre_0381,AmE,demilitarize,-20.5429,-3.601542,final
StableLM-2-Zephyr-1.6B,ame_bre_0381,BrE,demilitarise,-32.592937,4.553672,final
Falcon3-7B-Base,ame_bre_0400,AmE,demoralize,-18.97291,-2.528695,final
Falcon3-7B-Base,ame_bre_0400,BrE,demoralise,-18.724264,-2.185414,final
Falcon3-7B-Base,ame_bre_1400,AmE,reveler,12.249356,8.694363,final
Falcon3-7B-Base,ame_bre_1400,BrE,reveller,9.087014,7.803831,final
Falcon3-7B-Base,ame_bre_1292,AmE,pretenses,-18.586332,-2.13113,final
Falcon3-7B-Base,ame_bre_1292,BrE,pretences,-18.688112,-2.093895,final
Falcon3-7B-Base,ame_bre_0447,AmE,disemboweling,1.477477,5.718833,final
Falcon3-7B-Base,ame_bre_0447,BrE,disembowelling,1.461841,5.902197,final
Falcon3-7B-Base,ame_bre_1778,AmE,vulgarizes,-19.152424,-2.633892,final
Falcon3-7B-Base,ame_bre_1778,BrE,vulgarises,-19.892132,-2.591902,final
Falcon3-7B-Base,ame_bre_1325,AmE,psychoanalyze,-2.029691,7.142028,final
Falcon3-7B-Base,ame_bre_1325,BrE,psychoanalyse,-0.227299,8.028947,final
Falcon3-7B-Base,ame_bre_1692,AmE,trivialize,-1.488663,7.028697,final
Falcon3-7B-Base,ame_bre_1692,BrE,trivialise,-3.375199,7.608516,final
Falcon3-7B-Base,ame_bre_1216,AmE,pederast,1.027682,7.103278,final
Falcon3-7B-Base,ame_bre_1216,BrE,paederast,2.237797,6.89429,final
Falcon3-7B-Base,ame_bre_0440,AmE,digitizes,6.581184,-12.17258,final
Falcon3-7B-Base,ame_bre_0440,BrE,digitises,7.154684,-12.098625,final
Falcon3-7B-Base,ame_bre_1192,AmE,parlors,1.008978,-4.454366,final
Falcon3-7B-Base,ame_bre_1192,BrE,parlours,5.375582,-5.205628,final
Falcon3-7B-Base,ame_bre_1504,AmE,siphoning,10.459086,-10.105839,final
Falcon3-7B-Base,ame_bre_1504,BrE,syphoning,13.012555,-9.59389,final
Falcon3-7B-Base,ame_bre_1011,AmE,mesmerized,9.087182,8.001616,final
Falcon3-7B-Base,ame_bre_1011,BrE,mesmerised,7.451785,7.07365,final
Falcon3-7B-Base,ame_bre_0738,AmE,harboring,10.817059,9.948377,final
Falcon3-7B-Base,ame_bre_0738,BrE,harbouring,6.946923,7.931246,final
Falcon3-7B-Base,ame_bre_1654,AmE,theater,10.295956,-11.227013,final
Falcon3-7B-Base,ame_bre_1654,BrE,theatre,10.169077,-11.282819,final
Falcon3-7B-Base,ame_bre_0969,AmE,maneuvered,11.957542,-11.415152,final
Falcon3-7B-Base,ame_bre_0969,BrE,manoeuvred,10.940124,-11.37949,final
Falcon3-7B-Base,ame_bre_0748,AmE,hematology,-16.949654,-0.465061,final
Falcon3-7B-Base,ame_bre_0748,BrE,haematology,-12.570057,-0.851947,final
Falcon3-7B-Base,ame_bre_0578,AmE,factorize,-20.635656,-1.037548,final
Falcon3-7B-Base,ame_bre_0578,BrE,factorise,-19.714325,-1.451339,final
Falcon3-7B-Base,ame_bre_0945,AmE,liquidizers,8.535832,8.575044,final
Falcon3-7B-Base,ame_bre_0945,BrE,liquidisers,8.626953,8.386858,final
Falcon3-7B-Base,ame_bre_1324,AmE,proselytizing,6.57905,-3.455491,final
Falcon3-7B-Base,ame_bre_1324,BrE,proselytising,7.003904,-3.097621,final
Falcon3-7B-Base,ame_bre_1181,AmE,paneling,10.197292,-11.065019,final
Falcon3-7B-Base,ame_bre_1181,BrE,panelling,10.994954,-11.628902,final
Falcon3-7B-Base,ame_bre_0075,AmE,appetizingly,9.138911,-4.133794,final
Falcon3-7B-Base,ame_bre_0075,BrE,appetisingly,9.203928,-3.867251,final
Falcon3-7B-Base,ame_bre_1718,AmE,unraveled,-22.30755,-3.200803,final
Falcon3-7B-Base,ame_bre_1718,BrE,unravelled,-14.917072,-2.040968,final
Falcon3-7B-Base,ame_bre_1192,AmE,parlors,10.981014,9.871243,final
Falcon3-7B-Base,ame_bre_1192,BrE,parlours,9.980721,7.482392,final
Falcon3-7B-Base,ame_bre_1761,AmE,vigor,3.326957,-3.984595,final
Falcon3-7B-Base,ame_bre_1761,BrE,vigour,3.171645,-3.885683,final
Falcon3-7B-Base,ame_bre_1603,AmE,summarizing,-19.929638,-0.450998,final
Falcon3-7B-Base,ame_bre_1603,BrE,summarising,-15.77108,-0.412344,final
Falcon3-7B-Base,ame_bre_1341,AmE,quarreled,6.324815,-5.823215,final
Falcon3-7B-Base,ame_bre_1341,BrE,quarrelled,2.122853,-6.966982,final
Falcon3-7B-Base,ame_bre_0287,AmE,colorfully,-0.327167,6.83998,final
Falcon3-7B-Base,ame_bre_0287,BrE,colourfully,-1.848602,6.86443,final
Falcon3-7B-Base,ame_bre_0236,AmE,cesarean,-17.202366,-1.107982,final
Falcon3-7B-Base,ame_bre_0236,BrE,caesarean,-13.865465,-0.905215,final
Falcon3-7B-Base,ame_bre_1546,AmE,spiraling,12.078003,10.49914,final
Falcon3-7B-Base,ame_bre_1546,BrE,spiralling,12.108849,9.6683,final
Falcon3-7B-Base,ame_bre_0639,AmE,finalizing,10.957233,10.260543,final
Falcon3-7B-Base,ame_bre_0639,BrE,finalising,8.605022,8.420843,final
Falcon3-7B-Base,ame_bre_1345,AmE,radicalizes,7.771912,-1.072868,final
Falcon3-7B-Base,ame_bre_1345,BrE,radicalises,5.344919,-2.731394,final
Falcon3-7B-Base,ame_bre_0041,AmE,analyzing,-2.053944,9.457477,final
Falcon3-7B-Base,ame_bre_0041,BrE,analysing,-2.349093,9.4567,final
Falcon3-7B-Base,ame_bre_0008,AmE,acclimatizes,9.105967,-11.094501,final
Falcon3-7B-Base,ame_bre_0008,BrE,acclimatises,9.366435,-10.912294,final
Falcon3-7B-Base,ame_bre_1167,AmE,overemphasizing,-12.965998,-2.413269,final
Falcon3-7B-Base,ame_bre_1167,BrE,overemphasising,-12.58884,-2.338765,final
Falcon3-7B-Base,ame_bre_0785,AmE,humorless,10.935997,-12.281324,final
Falcon3-7B-Base,ame_bre_0785,BrE,humourless,10.94505,-12.649656,final
Falcon3-7B-Base,ame_bre_0196,AmE,carbonized,11.153204,9.42268,final
Falcon3-7B-Base,ame_bre_0196,BrE,carbonised,8.70224,8.58304,final
Falcon3-7B-Base,ame_bre_0755,AmE,hemorrhages,9.684357,8.111399,final
Falcon3-7B-Base,ame_bre_0755,BrE,haemorrhages,7.310262,7.547206,final
Falcon3-7B-Base,ame_bre_1348,AmE,rancor,-16.981565,-1.707195,final
Falcon3-7B-Base,ame_bre_1348,BrE,rancour,-16.912889,-1.575838,final
Falcon3-7B-Base,ame_bre_0237,AmE,cesareans,6.323412,-4.158505,final
Falcon3-7B-Base,ame_bre_0237,BrE,caesareans,8.199677,-4.219497,final
Falcon3-7B-Base,ame_bre_0907,AmE,labors,-1.637248,8.338214,final
Falcon3-7B-Base,ame_bre_0907,BrE,labours,-0.719979,8.100517,final
Falcon3-7B-Base,ame_bre_1044,AmE,misdemeanors,-21.870422,-1.692554,final
Falcon3-7B-Base,ame_bre_1044,BrE,misdemeanours,-17.527023,-2.357373,final
Falcon3-7B-Base,ame_bre_0094,AmE,authorize,10.815821,9.861365,final
Falcon3-7B-Base,ame_bre_0094,BrE,authorise,7.451473,8.15882,final
Falcon3-7B-Base,ame_bre_1222,AmE,pedestrianizing,8.750835,-11.697844,final
Falcon3-7B-Base,ame_bre_1222,BrE,pedestrianising,9.349372,-11.60814,final
Falcon3-7B-Base,ame_bre_0565,AmE,exorcizing,-19.510586,-1.567069,final
Falcon3-7B-Base,ame_bre_0565,BrE,exorcising,-19.068659,-1.370348,final
Falcon3-7B-Base,ame_bre_0691,AmE,generalize,4.866234,-2.362134,final
Falcon3-7B-Base,ame_bre_0691,BrE,generalise,5.227102,-2.348758,final
Falcon3-7B-Base,ame_bre_0533,AmE,epitomized,4.706144,-3.218829,final
Falcon3-7B-Base,ame_bre_0533,BrE,epitomised,4.671974,-3.070147,final
Falcon3-7B-Base,ame_bre_1687,AmE,travelogs,-4.135964,7.48997,final
Falcon3-7B-Base,ame_bre_1687,BrE,travelogues,-2.055321,7.330279,final
Falcon3-7B-Base,ame_bre_1705,AmE,tyrannizing,5.982005,-3.741624,final
Falcon3-7B-Base,ame_bre_1705,BrE,tyrannising,5.681962,-3.717535,final
Falcon3-7B-Base,ame_bre_0116,AmE,bastardizes,-20.383432,-2.835845,final
Falcon3-7B-Base,ame_bre_0116,BrE,bastardises,-20.108953,-2.703605,final
Falcon3-7B-Base,ame_bre_1416,AmE,rigors,-0.964064,9.043792,final
Falcon3-7B-Base,ame_bre_1416,BrE,rigours,-0.398784,8.243594,final
Falcon3-7B-Base,ame_bre_1096,AmE,motorized,10.780812,9.90226,final
Falcon3-7B-Base,ame_bre_1096,BrE,motorised,10.954344,10.527777,final
Falcon3-7B-Base,ame_bre_0898,AmE,kilometer,-3.6622,8.950903,final
Falcon3-7B-Base,ame_bre_0898,BrE,kilometre,-4.300495,8.713073,final
Falcon3-7B-Base,ame_bre_0767,AmE,honorable,0.186829,9.202964,final
Falcon3-7B-Base,ame_bre_0767,BrE,honourable,0.222369,9.453236,final
Falcon3-7B-Base,ame_bre_1557,AmE,stabilizing,-19.982372,-0.023089,final
Falcon3-7B-Base,ame_bre_1557,BrE,stabilising,-17.263508,-0.322803,final
Falcon3-7B-Base,ame_bre_1497,AmE,signaling,-21.302845,-0.16997,final
Falcon3-7B-Base,ame_bre_1497,BrE,signalling,-21.463524,-0.16523,final
Falcon3-7B-Base,ame_bre_1656,AmE,theatergoers,5.355446,6.437735,final
Falcon3-7B-Base,ame_bre_1656,BrE,theatregoers,6.99349,6.829491,final
Falcon3-7B-Base,ame_bre_0907,AmE,labors,-17.263206,-0.537253,final
Falcon3-7B-Base,ame_bre_0907,BrE,labours,-16.021536,-0.479323,final
Falcon3-7B-Base,ame_bre_1783,AmE,weaseled,-16.837811,-3.142729,final
Falcon3-7B-Base,ame_bre_1783,BrE,weaselled,-16.833958,-2.745323,final
Falcon3-7B-Base,ame_bre_0924,AmE,libeling,12.16452,-11.004285,final
Falcon3-7B-Base,ame_bre_0924,BrE,libelling,11.316695,-10.673394,final
Falcon3-7B-Base,ame_bre_1589,AmE,subsidizing,9.605335,-10.506454,final
Falcon3-7B-Base,ame_bre_1589,BrE,subsidising,10.852308,-10.234548,final
Falcon3-7B-Base,ame_bre_0583,AmE,familiarization,-22.990742,-2.924009,final
Falcon3-7B-Base,ame_bre_0583,BrE,familiarisation,-23.096367,-2.890524,final
Falcon3-7B-Base,ame_bre_0599,AmE,favorites,-3.836113,7.909979,final
Falcon3-7B-Base,ame_bre_0599,BrE,favourites,-4.318162,7.865134,final
Falcon3-7B-Base,ame_bre_1346,AmE,radicalizing,11.572839,9.440368,final
Falcon3-7B-Base,ame_bre_1346,BrE,radicalising,10.528461,9.519256,final
Falcon3-7B-Base,ame_bre_0029,AmE,amortizations,8.208529,7.952085,final
Falcon3-7B-Base,ame_bre_0029,BrE,amortisations,7.416072,7.853237,final
Falcon3-7B-Base,ame_bre_0157,AmE,brutalize,9.876359,7.185517,final
Falcon3-7B-Base,ame_bre_0157,BrE,brutalise,9.203557,7.753782,final
Falcon3-7B-Base,ame_bre_1086,AmE,monopolization,10.717391,8.790283,final
Falcon3-7B-Base,ame_bre_1086,BrE,monopolisation,8.939979,8.375777,final
Falcon3-7B-Base,ame_bre_1225,AmE,pediatricians,9.16464,9.516397,final
Falcon3-7B-Base,ame_bre_1225,BrE,paediatricians,6.023232,8.509809,final
Falcon3-7B-Base,ame_bre_0610,AmE,fertilized,-19.550188,-1.076129,final
Falcon3-7B-Base,ame_bre_0610,BrE,fertilised,-15.892611,-0.888179,final
Falcon3-7B-Base,ame_bre_0602,AmE,fecal,10.221106,-9.984847,final
Falcon3-7B-Base,ame_bre_0602,BrE,faecal,11.234631,-9.740391,final
Falcon3-7B-Base,ame_bre_1309,AmE,professionalizing,10.55287,9.624006,final
Falcon3-7B-Base,ame_bre_1309,BrE,professionalising,9.592996,9.61578,final
Falcon3-7B-Base,ame_bre_0911,AmE,legalized,6.405691,-2.351753,final
Falcon3-7B-Base,ame_bre_0911,BrE,legalised,1.104456,-3.927624,final
Falcon3-7B-Base,ame_bre_0133,AmE,belaboring,-17.732363,-3.064173,final
Falcon3-7B-Base,ame_bre_0133,BrE,belabouring,-13.547443,-1.482372,final
Falcon3-7B-Base,ame_bre_1129,AmE,normalizes,9.688815,8.892281,final
Falcon3-7B-Base,ame_bre_1129,BrE,normalises,9.097076,8.840472,final
Falcon3-7B-Base,ame_bre_1038,AmE,minimize,-3.534856,8.914026,final
Falcon3-7B-Base,ame_bre_1038,BrE,minimise,-3.487733,8.814947,final
Falcon3-7B-Base,ame_bre_0967,AmE,maneuverability,-2.061401,9.296914,final
Falcon3-7B-Base,ame_bre_0967,BrE,manoeuvrability,-2.516101,6.614366,final
Falcon3-7B-Base,ame_bre_0543,AmE,equalizing,4.154294,-12.441703,final
Falcon3-7B-Base,ame_bre_0543,BrE,equalising,4.754703,-12.419381,final
Falcon3-7B-Base,ame_bre_1664,AmE,tires,10.946729,-10.994734,final
Falcon3-7B-Base,ame_bre_1664,BrE,tyres,10.81741,-10.817251,final
Falcon3-7B-Base,ame_bre_0625,AmE,fictionalize,7.63922,7.152251,final
Falcon3-7B-Base,ame_bre_0625,BrE,fictionalise,7.166638,7.392283,final
Falcon3-7B-Base,ame_bre_1466,AmE,sensationalizes,9.018048,-12.803658,final
Falcon3-7B-Base,ame_bre_1466,BrE,sensationalises,9.153475,-12.425138,final
Falcon3-7B-Base,ame_bre_1788,AmE,westernizes,9.46332,-11.588091,final
Falcon3-7B-Base,ame_bre_1788,BrE,westernises,9.649069,-11.301703,final
Falcon3-7B-Base,ame_bre_1200,AmE,passivizes,-17.368195,-3.757672,final
Falcon3-7B-Base,ame_bre_1200,BrE,passivises,-17.850878,-3.656534,final
Falcon3-7B-Base,ame_bre_0887,AmE,jeopardize,-21.538786,-1.703387,final
Falcon3-7B-Base,ame_bre_0887,BrE,jeopardise,-18.179176,-2.428147,final
Falcon3-7B-Base,ame_bre_0504,AmE,emphasizing,9.394756,-11.434413,final
Falcon3-7B-Base,ame_bre_0504,BrE,emphasising,9.759166,-11.34146,final
Falcon3-7B-Base,ame_bre_0479,AmE,dramatizes,9.050965,7.186131,final
Falcon3-7B-Base,ame_bre_0479,BrE,dramatises,8.060481,7.337325,final
Falcon3-7B-Base,ame_bre_0045,AmE,anesthetic,8.383453,9.880495,final
Falcon3-7B-Base,ame_bre_0045,BrE,anaesthetic,7.528993,9.955256,final
Falcon3-7B-Base,ame_bre_1262,AmE,polarization,-21.021816,-0.379155,final
Falcon3-7B-Base,ame_bre_1262,BrE,polarisation,-19.337179,-1.245681,final
Falcon3-7B-Base,ame_bre_1545,AmE,spiraled,12.766541,9.546074,final
Falcon3-7B-Base,ame_bre_1545,BrE,spiralled,11.380013,9.432486,final
Falcon3-7B-Base,ame_bre_1289,AmE,pressurizes,-18.18322,-1.270663,final
Falcon3-7B-Base,ame_bre_1289,BrE,pressurises,-18.148613,-1.166247,final
Falcon3-7B-Base,ame_bre_0338,AmE,criminalizes,5.774415,-3.170596,final
Falcon3-7B-Base,ame_bre_0338,BrE,criminalises,4.887729,-3.050425,final
Falcon3-7B-Base,ame_bre_0406,AmE,denationalized,5.565406,-1.698671,final
Falcon3-7B-Base,ame_bre_0406,BrE,denationalised,4.51548,-2.241577,final
Falcon3-7B-Base,ame_bre_0825,AmE,impaneling,11.480293,-10.881691,final
Falcon3-7B-Base,ame_bre_0825,BrE,impanelling,11.360035,-10.843561,final
Falcon3-7B-Base,ame_bre_0693,AmE,generalizes,7.427066,-11.76822,final
Falcon3-7B-Base,ame_bre_0693,BrE,generalises,7.365554,-11.714842,final
Falcon3-7B-Base,ame_bre_0346,AmE,crystallization,11.10068,-9.843749,final
Falcon3-7B-Base,ame_bre_0346,BrE,crystallisation,10.786695,-9.574435,final
Falcon3-7B-Base,ame_bre_0729,AmE,grueling,2.97174,-2.095154,final
Falcon3-7B-Base,ame_bre_0729,BrE,gruelling,3.311025,-2.04914,final
Falcon3-7B-Base,ame_bre_1165,AmE,overemphasized,11.690276,-10.480433,final
Falcon3-7B-Base,ame_bre_1165,BrE,overemphasised,11.45043,-10.33819,final
Falcon3-7B-Base,ame_bre_0946,AmE,liquidizes,7.880776,-12.131826,final
Falcon3-7B-Base,ame_bre_0946,BrE,liquidises,8.113298,-12.004111,final
Falcon3-7B-Base,ame_bre_1055,AmE,modelers,-21.395325,-2.521303,final
Falcon3-7B-Base,ame_bre_1055,BrE,modellers,-17.601286,-1.744195,final
Falcon3-7B-Base,ame_bre_0799,AmE,idealization,10.112748,9.72062,final
Falcon3-7B-Base,ame_bre_0799,BrE,idealisation,9.439812,9.670135,final
Falcon3-7B-Base,ame_bre_1590,AmE,succor,-2.128472,7.533525,final
Falcon3-7B-Base,ame_bre_1590,BrE,succour,-1.842276,7.740582,final
Falcon3-7B-Base,ame_bre_1132,AmE,odor,11.571876,-10.628695,final
Falcon3-7B-Base,ame_bre_1132,BrE,odour,10.544477,-11.014065,final
Falcon3-7B-Base,ame_bre_1428,AmE,saber,11.837374,-11.331528,final
Falcon3-7B-Base,ame_bre_1428,BrE,sabre,13.720223,-10.125147,final
Falcon3-7B-Base,ame_bre_1040,AmE,minimizes,9.114486,9.081446,final
Falcon3-7B-Base,ame_bre_1040,BrE,minimises,7.468738,7.840572,final
Falcon3-7B-Base,ame_bre_0979,AmE,marshaled,1.805774,-3.641432,final
Falcon3-7B-Base,ame_bre_0979,BrE,marshalled,2.636499,-4.771846,final
Falcon3-7B-Base,ame_bre_0305,AmE,computerizes,6.934194,7.722874,final
Falcon3-7B-Base,ame_bre_0305,BrE,computerises,6.911274,7.779444,final
Falcon3-7B-Base,ame_bre_1170,AmE,oxidize,10.603287,-10.19244,final
Falcon3-7B-Base,ame_bre_1170,BrE,oxidise,10.065976,-10.435758,final
Falcon3-7B-Base,ame_bre_1443,AmE,savories,0.620446,6.980836,final
Falcon3-7B-Base,ame_bre_1443,BrE,savouries,0.594515,5.820569,final
Falcon3-7B-Base,ame_bre_0996,AmE,mechanization,10.746624,9.636597,final
Falcon3-7B-Base,ame_bre_0996,BrE,mechanisation,10.26338,9.697649,final
Falcon3-7B-Base,ame_bre_0084,AmE,ardor,-16.088476,-1.711305,final
Falcon3-7B-Base,ame_bre_0084,BrE,ardour,-18.644131,-1.823992,final
Falcon3-7B-Base,ame_bre_1382,AmE,regularization,-20.629536,-1.26375,final
Falcon3-7B-Base,ame_bre_1382,BrE,regularisation,-20.170811,-1.235402,final
Falcon3-7B-Base,ame_bre_0088,AmE,armorers,1.140597,7.320613,final
Falcon3-7B-Base,ame_bre_0088,BrE,armourers,-1.081016,6.750038,final
Falcon3-7B-Base,ame_bre_0135,AmE,beveled,-0.928101,9.089847,final
Falcon3-7B-Base,ame_bre_0135,BrE,bevelled,-0.675559,6.557526,final
Falcon3-7B-Base,ame_bre_1477,AmE,sepulchers,6.05703,-4.483232,final
Falcon3-7B-Base,ame_bre_1477,BrE,sepulchres,6.297689,-4.924005,final
Falcon3-7B-Base,ame_bre_0914,AmE,legitimize,-18.948246,-1.816919,final
Falcon3-7B-Base,ame_bre_0914,BrE,legitimise,-18.599272,-1.640005,final
Falcon3-7B-Base,ame_bre_1764,AmE,visualize,9.638278,-11.589032,final
Falcon3-7B-Base,ame_bre_1764,BrE,visualise,9.305514,-11.583768,final
Falcon3-7B-Base,ame_bre_1634,AmE,systematizing,5.844421,-2.3154,final
Falcon3-7B-Base,ame_bre_1634,BrE,systematising,5.577249,-2.254894,final
Falcon3-7B-Base,ame_bre_1722,AmE,unrivaled,-2.210678,8.591018,final
Falcon3-7B-Base,ame_bre_1722,BrE,unrivalled,-0.895373,9.148913,final
Falcon3-7B-Base,ame_bre_1374,AmE,recognizes,-21.748568,-1.833941,final
Falcon3-7B-Base,ame_bre_1374,BrE,recognises,-21.462452,-1.74954,final
Falcon3-7B-Base,ame_bre_1242,AmE,philosophize,-17.521889,-2.49186,final
Falcon3-7B-Base,ame_bre_1242,BrE,philosophise,-17.153131,-2.391977,final
Falcon3-7B-Base,ame_bre_1305,AmE,professionalization,8.549992,9.092065,final
Falcon3-7B-Base,ame_bre_1305,BrE,professionalisation,7.949739,9.155347,final
Falcon3-7B-Base,ame_bre_0381,AmE,demilitarize,-15.722289,-1.877653,final
Falcon3-7B-Base,ame_bre_0381,BrE,demilitarise,-15.205668,-1.838962,final
Falcon3-7B-Instruct,ame_bre_0400,AmE,demoralize,-19.076981,-5.86564,final
Falcon3-7B-Instruct,ame_bre_0400,BrE,demoralise,-17.89904,-5.638226,final
Falcon3-7B-Instruct,ame_bre_1400,AmE,reveler,9.518593,7.554897,final
Falcon3-7B-Instruct,ame_bre_1400,BrE,reveller,6.27523,7.722542,final
Falcon3-7B-Instruct,ame_bre_1292,AmE,pretenses,-18.475121,-6.36505,final
Falcon3-7B-Instruct,ame_bre_1292,BrE,pretences,-18.342447,-6.156842,final
Falcon3-7B-Instruct,ame_bre_0447,AmE,disemboweling,-1.729289,9.078251,final
Falcon3-7B-Instruct,ame_bre_0447,BrE,disembowelling,-1.888334,9.329714,final
Falcon3-7B-Instruct,ame_bre_1778,AmE,vulgarizes,-17.07494,-6.715893,final
Falcon3-7B-Instruct,ame_bre_1778,BrE,vulgarises,-17.170656,-6.533298,final
Falcon3-7B-Instruct,ame_bre_1325,AmE,psychoanalyze,-3.311489,11.363451,final
Falcon3-7B-Instruct,ame_bre_1325,BrE,psychoanalyse,-1.684763,11.740628,final
Falcon3-7B-Instruct,ame_bre_1692,AmE,trivialize,-3.061336,10.627442,final
Falcon3-7B-Instruct,ame_bre_1692,BrE,trivialise,-4.87688,11.259369,final
Falcon3-7B-Instruct,ame_bre_1216,AmE,pederast,-1.30466,10.620768,final
Falcon3-7B-Instruct,ame_bre_1216,BrE,paederast,-0.131177,10.515751,final
Falcon3-7B-Instruct,ame_bre_0440,AmE,digitizes,14.218094,-12.363897,final
Falcon3-7B-Instruct,ame_bre_0440,BrE,digitises,14.351602,-12.107201,final
Falcon3-7B-Instruct,ame_bre_1192,AmE,parlors,-2.06957,0.425639,final
Falcon3-7B-Instruct,ame_bre_1192,BrE,parlours,1.810551,-0.51364,final
Falcon3-7B-Instruct,ame_bre_1504,AmE,siphoning,15.301965,-9.962921,final
Falcon3-7B-Instruct,ame_bre_1504,BrE,syphoning,16.531771,-9.264802,final
Falcon3-7B-Instruct,ame_bre_1011,AmE,mesmerized,8.229748,8.082323,final
Falcon3-7B-Instruct,ame_bre_1011,BrE,mesmerised,6.44387,7.955543,final
Falcon3-7B-Instruct,ame_bre_0738,AmE,harboring,7.083916,8.239266,final
Falcon3-7B-Instruct,ame_bre_0738,BrE,harbouring,6.42182,8.583015,final
Falcon3-7B-Instruct,ame_bre_1654,AmE,theater,14.947511,-10.742579,final
Falcon3-7B-Instruct,ame_bre_1654,BrE,theatre,15.271157,-10.41783,final
Falcon3-7B-Instruct,ame_bre_0969,AmE,maneuvered,15.791018,-11.673752,final
Falcon3-7B-Instruct,ame_bre_0969,BrE,manoeuvred,15.129749,-11.3855,final
Falcon3-7B-Instruct,ame_bre_0748,AmE,hematology,-19.548092,-4.682866,final
Falcon3-7B-Instruct,ame_bre_0748,BrE,haematology,-15.943371,-4.836879,final
Falcon3-7B-Instruct,ame_bre_0578,AmE,factorize,-20.911705,-6.854958,final
Falcon3-7B-Instruct,ame_bre_0578,BrE,factorise,-20.039499,-7.335603,final
Falcon3-7B-Instruct,ame_bre_0945,AmE,liquidizers,6.039768,8.551907,final
Falcon3-7B-Instruct,ame_bre_0945,BrE,liquidisers,5.934165,8.514046,final
Falcon3-7B-Instruct,ame_bre_1324,AmE,proselytizing,1.952788,0.736036,final
Falcon3-7B-Instruct,ame_bre_1324,BrE,proselytising,2.070768,1.019779,final
Falcon3-7B-Instruct,ame_bre_1181,AmE,paneling,15.356314,-11.214644,final
Falcon3-7B-Instruct,ame_bre_1181,BrE,panelling,17.404087,-11.175419,final
Falcon3-7B-Instruct,ame_bre_0075,AmE,appetizingly,9.091467,0.625977,final
Falcon3-7B-Instruct,ame_bre_0075,BrE,appetisingly,7.812202,0.237883,final
Falcon3-7B-Instruct,ame_bre_1718,AmE,unraveled,-19.661516,-6.283947,final
Falcon3-7B-Instruct,ame_bre_1718,BrE,unravelled,-15.551735,-5.27893,final
Falcon3-7B-Instruct,ame_bre_1192,AmE,parlors,8.198349,8.039348,final
Falcon3-7B-Instruct,ame_bre_1192,BrE,parlours,6.435441,7.396413,final
Falcon3-7B-Instruct,ame_bre_1761,AmE,vigor,-0.119418,0.675174,final
Falcon3-7B-Instruct,ame_bre_1761,BrE,vigour,-0.520803,0.855649,final
Falcon3-7B-Instruct,ame_bre_1603,AmE,summarizing,-21.63438,-4.78461,final
Falcon3-7B-Instruct,ame_bre_1603,BrE,summarising,-17.863832,-4.661423,final
Falcon3-7B-Instruct,ame_bre_1341,AmE,quarreled,3.0583,-1.065987,final
Falcon3-7B-Instruct,ame_bre_1341,BrE,quarrelled,1.517823,-1.22279,final
Falcon3-7B-Instruct,ame_bre_0287,AmE,colorfully,-0.924005,10.771758,final
Falcon3-7B-Instruct,ame_bre_0287,BrE,colourfully,-1.574602,11.372312,final
Falcon3-7B-Instruct,ame_bre_0236,AmE,cesarean,-20.208681,-6.233108,final
Falcon3-7B-Instruct,ame_bre_0236,BrE,caesarean,-16.596375,-5.290395,final
Falcon3-7B-Instruct,ame_bre_1546,AmE,spiraling,9.41427,8.332183,final
Falcon3-7B-Instruct,ame_bre_1546,BrE,spiralling,6.875196,8.18983,final
Falcon3-7B-Instruct,ame_bre_0639,AmE,finalizing,6.817039,7.89781,final
Falcon3-7B-Instruct,ame_bre_0639,BrE,finalising,5.592844,8.134201,final
Falcon3-7B-Instruct,ame_bre_1345,AmE,radicalizes,3.905106,1.02159,final
Falcon3-7B-Instruct,ame_bre_1345,BrE,radicalises,0.45591,0.548303,final
Falcon3-7B-Instruct,ame_bre_0041,AmE,analyzing,-3.823492,12.302847,final
Falcon3-7B-Instruct,ame_bre_0041,BrE,analysing,-4.760549,12.577834,final
Falcon3-7B-Instruct,ame_bre_0008,AmE,acclimatizes,13.70058,-10.140694,final
Falcon3-7B-Instruct,ame_bre_0008,BrE,acclimatises,13.973124,-10.048306,final
Falcon3-7B-Instruct,ame_bre_1167,AmE,overemphasizing,-14.962771,-5.22602,final
Falcon3-7B-Instruct,ame_bre_1167,BrE,overemphasising,-14.474955,-4.888972,final
Falcon3-7B-Instruct,ame_bre_0785,AmE,humorless,16.256927,-11.686329,final
Falcon3-7B-Instruct,ame_bre_0785,BrE,humourless,16.829081,-11.701791,final
Falcon3-7B-Instruct,ame_bre_0196,AmE,carbonized,8.47494,8.154097,final
Falcon3-7B-Instruct,ame_bre_0196,BrE,carbonised,6.295857,8.162589,final
Falcon3-7B-Instruct,ame_bre_0755,AmE,hemorrhages,5.468802,7.056075,final
Falcon3-7B-Instruct,ame_bre_0755,BrE,haemorrhages,4.330492,7.328137,final
Falcon3-7B-Instruct,ame_bre_1348,AmE,rancor,-15.516961,-5.593328,final
Falcon3-7B-Instruct,ame_bre_1348,BrE,rancour,-15.656604,-5.600569,final
Falcon3-7B-Instruct,ame_bre_0237,AmE,cesareans,3.154449,0.846863,final
Falcon3-7B-Instruct,ame_bre_0237,BrE,caesareans,3.347858,0.406788,final
Falcon3-7B-Instruct,ame_bre_0907,AmE,labors,-1.774218,11.702554,final
Falcon3-7B-Instruct,ame_bre_0907,BrE,labours,-1.702492,11.455951,final
Falcon3-7B-Instruct,ame_bre_1044,AmE,misdemeanors,-20.902151,-6.507409,final
Falcon3-7B-Instruct,ame_bre_1044,BrE,misdemeanours,-17.959248,-6.157899,final
Falcon3-7B-Instruct,ame_bre_0094,AmE,authorize,7.754165,7.757601,final
Falcon3-7B-Instruct,ame_bre_0094,BrE,authorise,6.27421,8.266325,final
Falcon3-7B-Instruct,ame_bre_1222,AmE,pedestrianizing,16.32583,-11.47619,final
Falcon3-7B-Instruct,ame_bre_1222,BrE,pedestrianising,16.996542,-11.449649,final
Falcon3-7B-Instruct,ame_bre_0565,AmE,exorcizing,-18.885426,-5.222661,final
Falcon3-7B-Instruct,ame_bre_0565,BrE,exorcising,-18.681959,-5.037819,final
Falcon3-7B-Instruct,ame_bre_0691,AmE,generalize,1.866506,0.368177,final
Falcon3-7B-Instruct,ame_bre_0691,BrE,generalise,2.487536,0.670448,final
Falcon3-7B-Instruct,ame_bre_0533,AmE,epitomized,0.773582,0.220113,final
Falcon3-7B-Instruct,ame_bre_0533,BrE,epitomised,0.467523,0.625783,final
Falcon3-7B-Instruct,ame_bre_1687,AmE,travelogs,-4.501855,11.524849,final
Falcon3-7B-Instruct,ame_bre_1687,BrE,travelogues,-2.757415,11.224728,final
Falcon3-7B-Instruct,ame_bre_1705,AmE,tyrannizing,3.296352,0.098358,final
Falcon3-7B-Instruct,ame_bre_1705,BrE,tyrannising,2.296333,0.166119,final
Falcon3-7B-Instruct,ame_bre_0116,AmE,bastardizes,-18.334885,-6.915714,final
Falcon3-7B-Instruct,ame_bre_0116,BrE,bastardises,-18.1294,-6.777696,final
Falcon3-7B-Instruct,ame_bre_1416,AmE,rigors,-2.110857,12.445182,final
Falcon3-7B-Instruct,ame_bre_1416,BrE,rigours,-1.695257,11.833661,final
Falcon3-7B-Instruct,ame_bre_1096,AmE,motorized,7.683844,8.298112,final
Falcon3-7B-Instruct,ame_bre_1096,BrE,motorised,6.597377,8.36883,final
Falcon3-7B-Instruct,ame_bre_0898,AmE,kilometer,-4.532276,12.675718,final
Falcon3-7B-Instruct,ame_bre_0898,BrE,kilometre,-5.133378,12.927951,final
Falcon3-7B-Instruct,ame_bre_0767,AmE,honorable,-1.760478,11.776536,final
Falcon3-7B-Instruct,ame_bre_0767,BrE,honourable,-1.330084,12.212753,final
Falcon3-7B-Instruct,ame_bre_1557,AmE,stabilizing,-20.930988,-5.342962,final
Falcon3-7B-Instruct,ame_bre_1557,BrE,stabilising,-18.199707,-4.919877,final
Falcon3-7B-Instruct,ame_bre_1497,AmE,signaling,-22.20055,-5.468587,final
Falcon3-7B-Instruct,ame_bre_1497,BrE,signalling,-21.923944,-5.37222,final
Falcon3-7B-Instruct,ame_bre_1656,AmE,theatergoers,3.931353,7.955545,final
Falcon3-7B-Instruct,ame_bre_1656,BrE,theatregoers,5.556769,7.908095,final
Falcon3-7B-Instruct,ame_bre_0907,AmE,labors,-19.324301,-5.793621,final
Falcon3-7B-Instruct,ame_bre_0907,BrE,labours,-17.011829,-5.159123,final
Falcon3-7B-Instruct,ame_bre_1783,AmE,weaseled,-13.364544,-5.859626,final
Falcon3-7B-Instruct,ame_bre_1783,BrE,weaselled,-13.370243,-5.466847,final
Falcon3-7B-Instruct,ame_bre_0924,AmE,libeling,16.522163,-10.780763,final
Falcon3-7B-Instruct,ame_bre_0924,BrE,libelling,15.77934,-10.417444,final
Falcon3-7B-Instruct,ame_bre_1589,AmE,subsidizing,14.948305,-11.067759,final
Falcon3-7B-Instruct,ame_bre_1589,BrE,subsidising,15.062737,-9.900882,final
Falcon3-7B-Instruct,ame_bre_0583,AmE,familiarization,-21.545862,-7.017469,final
Falcon3-7B-Instruct,ame_bre_0583,BrE,familiarisation,-20.586742,-6.756809,final
Falcon3-7B-Instruct,ame_bre_0599,AmE,favorites,-4.452722,12.255598,final
Falcon3-7B-Instruct,ame_bre_0599,BrE,favourites,-4.605245,12.634536,final
Falcon3-7B-Instruct,ame_bre_1346,AmE,radicalizing,7.699211,8.044944,final
Falcon3-7B-Instruct,ame_bre_1346,BrE,radicalising,7.951912,8.363385,final
Falcon3-7B-Instruct,ame_bre_0029,AmE,amortizations,5.067239,7.470688,final
Falcon3-7B-Instruct,ame_bre_0029,BrE,amortisations,3.921227,7.745153,final
Falcon3-7B-Instruct,ame_bre_0157,AmE,brutalize,7.828675,7.588894,final
Falcon3-7B-Instruct,ame_bre_0157,BrE,brutalise,8.695642,7.830791,final
Falcon3-7B-Instruct,ame_bre_1086,AmE,monopolization,7.052389,7.562276,final
Falcon3-7B-Instruct,ame_bre_1086,BrE,monopolisation,6.498499,7.858599,final
Falcon3-7B-Instruct,ame_bre_1225,AmE,pediatricians,7.012069,8.301047,final
Falcon3-7B-Instruct,ame_bre_1225,BrE,paediatricians,5.641251,9.222478,final
Falcon3-7B-Instruct,ame_bre_0610,AmE,fertilized,-19.298222,-5.509665,final
Falcon3-7B-Instruct,ame_bre_0610,BrE,fertilised,-16.011261,-5.158264,final
Falcon3-7B-Instruct,ame_bre_0602,AmE,fecal,14.785444,-10.470754,final
Falcon3-7B-Instruct,ame_bre_0602,BrE,faecal,15.653004,-9.680284,final
Falcon3-7B-Instruct,ame_bre_1309,AmE,professionalizing,8.605643,8.354111,final
Falcon3-7B-Instruct,ame_bre_1309,BrE,professionalising,7.456755,8.685434,final
Falcon3-7B-Instruct,ame_bre_0911,AmE,legalized,4.629102,1.140074,final
Falcon3-7B-Instruct,ame_bre_0911,BrE,legalised,3.561862,1.346227,final
Falcon3-7B-Instruct,ame_bre_0133,AmE,belaboring,-15.667434,-6.208826,final
Falcon3-7B-Instruct,ame_bre_0133,BrE,belabouring,-13.412844,-4.759214,final
Falcon3-7B-Instruct,ame_bre_1129,AmE,normalizes,7.069379,7.657231,final
Falcon3-7B-Instruct,ame_bre_1129,BrE,normalises,6.168219,7.676585,final
Falcon3-7B-Instruct,ame_bre_1038,AmE,minimize,-5.164512,12.266521,final
Falcon3-7B-Instruct,ame_bre_1038,BrE,minimise,-5.141337,12.283487,final
Falcon3-7B-Instruct,ame_bre_0967,AmE,maneuverability,-3.27894,12.571228,final
Falcon3-7B-Instruct,ame_bre_0967,BrE,manoeuvrability,-3.740332,11.048333,final
Falcon3-7B-Instruct,ame_bre_0543,AmE,equalizing,11.457091,-11.472415,final
Falcon3-7B-Instruct,ame_bre_0543,BrE,equalising,12.314404,-11.418882,final
Falcon3-7B-Instruct,ame_bre_1664,AmE,tires,15.726896,-11.978276,final
Falcon3-7B-Instruct,ame_bre_1664,BrE,tyres,15.636611,-11.214963,final
Falcon3-7B-Instruct,ame_bre_0625,AmE,fictionalize,7.013232,7.522607,final
Falcon3-7B-Instruct,ame_bre_0625,BrE,fictionalise,6.446125,8.080617,final
Falcon3-7B-Instruct,ame_bre_1466,AmE,sensationalizes,15.670133,-12.268361,final
Falcon3-7B-Instruct,ame_bre_1466,BrE,sensationalises,15.705431,-11.871232,final
Falcon3-7B-Instruct,ame_bre_1788,AmE,westernizes,15.714446,-11.614879,final
Falcon3-7B-Instruct,ame_bre_1788,BrE,westernises,16.147013,-11.468464,final
Falcon3-7B-Instruct,ame_bre_1200,AmE,passivizes,-15.627735,-6.752901,final
Falcon3-7B-Instruct,ame_bre_1200,BrE,passivises,-14.808479,-6.606861,final
Falcon3-7B-Instruct,ame_bre_0887,AmE,jeopardize,-20.916786,-6.649203,final
Falcon3-7B-Instruct,ame_bre_0887,BrE,jeopardise,-18.810356,-6.298851,final
Falcon3-7B-Instruct,ame_bre_0504,AmE,emphasizing,15.731664,-11.415693,final
Falcon3-7B-Instruct,ame_bre_0504,BrE,emphasising,15.443654,-10.950937,final
Falcon3-7B-Instruct,ame_bre_0479,AmE,dramatizes,6.446294,7.011768,final
Falcon3-7B-Instruct,ame_bre_0479,BrE,dramatises,5.015413,7.725771,final
Falcon3-7B-Instruct,ame_bre_0045,AmE,anesthetic,6.981705,8.913076,final
Falcon3-7B-Instruct,ame_bre_0045,BrE,anaesthetic,5.469109,9.395056,final
Falcon3-7B-Instruct,ame_bre_1262,AmE,polarization,-21.338346,-5.065178,final
Falcon3-7B-Instruct,ame_bre_1262,BrE,polarisation,-19.179577,-5.521358,final
Falcon3-7B-Instruct,ame_bre_1545,AmE,spiraled,8.254276,7.773576,final
Falcon3-7B-Instruct,ame_bre_1545,BrE,spiralled,6.873908,7.886418,final
Falcon3-7B-Instruct,ame_bre_1289,AmE,pressurizes,-17.062525,-5.513983,final
Falcon3-7B-Instruct,ame_bre_1289,BrE,pressurises,-16.958477,-5.15119,final
Falcon3-7B-Instruct,ame_bre_0338,AmE,criminalizes,2.238053,0.779146,final
Falcon3-7B-Instruct,ame_bre_0338,BrE,criminalises,1.959613,1.12661,final
Falcon3-7B-Instruct,ame_bre_0406,AmE,denationalized,2.771636,1.23441,final
Falcon3-7B-Instruct,ame_bre_0406,BrE,denationalised,2.480161,1.211713,final
Falcon3-7B-Instruct,ame_bre_0825,AmE,impaneling,15.99188,-10.653312,final
Falcon3-7B-Instruct,ame_bre_0825,BrE,impanelling,15.99556,-10.652686,final
Falcon3-7B-Instruct,ame_bre_0693,AmE,generalizes,14.298799,-11.702461,final
Falcon3-7B-Instruct,ame_bre_0693,BrE,generalises,14.722439,-11.409191,final
Falcon3-7B-Instruct,ame_bre_0346,AmE,crystallization,15.556972,-11.300639,final
Falcon3-7B-Instruct,ame_bre_0346,BrE,crystallisation,14.931889,-10.037281,final
Falcon3-7B-Instruct,ame_bre_0729,AmE,grueling,0.342627,2.275699,final
Falcon3-7B-Instruct,ame_bre_0729,BrE,gruelling,0.794125,2.245543,final
Falcon3-7B-Instruct,ame_bre_1165,AmE,overemphasized,12.481951,-9.174203,final
Falcon3-7B-Instruct,ame_bre_1165,BrE,overemphasised,13.02694,-9.00381,final
Falcon3-7B-Instruct,ame_bre_0946,AmE,liquidizes,15.641475,-12.075173,final
Falcon3-7B-Instruct,ame_bre_0946,BrE,liquidises,16.313999,-12.140299,final
Falcon3-7B-Instruct,ame_bre_1055,AmE,modelers,-22.860371,-7.707619,final
Falcon3-7B-Instruct,ame_bre_1055,BrE,modellers,-18.536024,-5.985567,final
Falcon3-7B-Instruct,ame_bre_0799,AmE,idealization,8.568134,8.662099,final
Falcon3-7B-Instruct,ame_bre_0799,BrE,idealisation,8.164965,9.136804,final
Falcon3-7B-Instruct,ame_bre_1590,AmE,succor,-2.728382,11.840321,final
Falcon3-7B-Instruct,ame_bre_1590,BrE,succour,-2.847204,12.145792,final
Falcon3-7B-Instruct,ame_bre_1132,AmE,odor,16.749802,-10.614542,final
Falcon3-7B-Instruct,ame_bre_1132,BrE,odour,16.229614,-11.049898,final
Falcon3-7B-Instruct,ame_bre_1428,AmE,saber,16.964558,-10.611989,final
Falcon3-7B-Instruct,ame_bre_1428,BrE,sabre,17.110765,-9.385518,final
Falcon3-7B-Instruct,ame_bre_1040,AmE,minimizes,6.339054,7.919838,final
Falcon3-7B-Instruct,ame_bre_1040,BrE,minimises,4.65225,8.291716,final
Falcon3-7B-Instruct,ame_bre_0979,AmE,marshaled,1.750764,0.216978,final
Falcon3-7B-Instruct,ame_bre_0979,BrE,marshalled,4.21869,-0.150961,final
Falcon3-7B-Instruct,ame_bre_0305,AmE,computerizes,6.059638,7.875743,final
Falcon3-7B-Instruct,ame_bre_0305,BrE,computerises,5.279807,8.212694,final
Falcon3-7B-Instruct,ame_bre_1170,AmE,oxidize,14.875554,-9.826118,final
Falcon3-7B-Instruct,ame_bre_1170,BrE,oxidise,15.606025,-9.833857,final
Falcon3-7B-Instruct,ame_bre_1443,AmE,savories,-0.966249,11.088209,final
Falcon3-7B-Instruct,ame_bre_1443,BrE,savouries,-1.455935,10.14541,final
Falcon3-7B-Instruct,ame_bre_0996,AmE,mechanization,6.550421,7.928091,final
Falcon3-7B-Instruct,ame_bre_0996,BrE,mechanisation,5.826058,8.148996,final
Falcon3-7B-Instruct,ame_bre_0084,AmE,ardor,-14.773543,-5.846806,final
Falcon3-7B-Instruct,ame_bre_0084,BrE,ardour,-15.631468,-5.681448,final
Falcon3-7B-Instruct,ame_bre_1382,AmE,regularization,-20.649639,-6.366964,final
Falcon3-7B-Instruct,ame_bre_1382,BrE,regularisation,-20.084396,-6.106392,final
Falcon3-7B-Instruct,ame_bre_0088,AmE,armorers,-1.41346,10.865044,final
Falcon3-7B-Instruct,ame_bre_0088,BrE,armourers,-2.910133,10.638629,final
Falcon3-7B-Instruct,ame_bre_0135,AmE,beveled,-3.113199,12.139642,final
Falcon3-7B-Instruct,ame_bre_0135,BrE,bevelled,-1.518111,10.611331,final
Falcon3-7B-Instruct,ame_bre_1477,AmE,sepulchers,1.131272,0.262281,final
Falcon3-7B-Instruct,ame_bre_1477,BrE,sepulchres,0.757814,-0.329821,final
Falcon3-7B-Instruct,ame_bre_0914,AmE,legitimize,-17.086197,-6.191837,final
Falcon3-7B-Instruct,ame_bre_0914,BrE,legitimise,-16.727222,-5.373386,final
Falcon3-7B-Instruct,ame_bre_1764,AmE,visualize,15.984035,-11.669555,final
Falcon3-7B-Instruct,ame_bre_1764,BrE,visualise,15.959316,-11.256142,final
Falcon3-7B-Instruct,ame_bre_1634,AmE,systematizing,3.100954,1.151805,final
Falcon3-7B-Instruct,ame_bre_1634,BrE,systematising,3.16097,1.345973,final
Falcon3-7B-Instruct,ame_bre_1722,AmE,unrivaled,-3.938748,12.185667,final
Falcon3-7B-Instruct,ame_bre_1722,BrE,unrivalled,-3.173694,12.347634,final
Falcon3-7B-Instruct,ame_bre_1374,AmE,recognizes,-21.0063,-6.851096,final
Falcon3-7B-Instruct,ame_bre_1374,BrE,recognises,-20.517136,-6.638777,final
Falcon3-7B-Instruct,ame_bre_1242,AmE,philosophize,-16.020031,-6.497742,final
Falcon3-7B-Instruct,ame_bre_1242,BrE,philosophise,-15.042332,-6.032975,final
Falcon3-7B-Instruct,ame_bre_1305,AmE,professionalization,6.925283,8.377148,final
Falcon3-7B-Instruct,ame_bre_1305,BrE,professionalisation,6.642528,8.667586,final
Falcon3-7B-Instruct,ame_bre_0381,AmE,demilitarize,-16.212883,-5.531398,final
Falcon3-7B-Instruct,ame_bre_0381,BrE,demilitarise,-15.484419,-5.538736,final
